date	region	store	sales_volume	arp	sales_rep	endcap	demo	demo13	demo45	natural	fitness
04/05/2010	RM	Academy	270.75	4.29	1	0	1	0	1	2	2
11/05/2010	RM	Academy	314.51	4.29	1	1	1	1	1	2	2
05/18/2010	RM	Academy	390.61	4.09	1	0	1	1	0	2	2
05/25/2010	RM	Academy	249.86	4.09	1	0	0	1	0	2	2
01/06/2010	RM	Academy	222.03	4.79	1	0	0	1	1	2	2
08/06/2010	RM	Academy	276.36	4.15	1	1	1	1	1	2	2
06/15/2010	RM	Academy	294.86	4.15	1	0	1	1	1	2	2
06/22/2010	RM	Academy	383.46	4.05	1	0	1	1	1	2	2
06/29/2010	RM	Academy	300.29	4.05	1	1	1	1	0	2	2
06/07/2010	RM	Academy	296.74	4.58	1	0	1	1	1	2	2
07/13/2010	RM	Academy	429.8	3.56	1	1	1	0	1	2	2
04/05/2010	SW	Alamo Quarry	186.95	4.39	0	1	0	1	1	1	4
11/05/2010	SW	Alamo Quarry	179.85	4.39	0	1	0	1	1	1	4
05/18/2010	SW	Alamo Quarry	133.85	3.84	0	0	0	1	0	1	4
05/25/2010	SW	Alamo Quarry	202.42	3.75	0	0	0	0	1	1	4
01/06/2010	SW	Alamo Quarry	235.23	3.68	0	0	0	0	1	1	4
08/06/2010	SW	Alamo Quarry	145.64	4.8	0	1	0	0	0	1	4
06/15/2010	SW	Alamo Quarry	179.26	4.26	0	1	0	0	0	1	4
06/22/2010	SW	Alamo Quarry	220.8	4.63	0	1	0	0	0	1	4
06/29/2010	SW	Alamo Quarry	199.02	4.63	0	0	0	0	0	1	4
06/07/2010	SW	Alamo Quarry	113.14	4.42	0	1	0	0	0	1	4
07/13/2010	SW	Alamo Quarry	158.7	4.07	0	0	0	0	0	1	4
04/05/2010	SO	Alpharetta (aka Alpharetta Harry's)	194.94	4.05	0	0	0	0	0	3	3
11/05/2010	SO	Alpharetta (aka Alpharetta Harry's)	130.6	3.64	0	0	0	0	0	3	3
05/18/2010	SO	Alpharetta (aka Alpharetta Harry's)	232.02	3.77	0	1	0	0	0	3	3
05/25/2010	SO	Alpharetta (aka Alpharetta Harry's)	212.96	3.55	0	1	0	0	0	3	3
01/06/2010	SO	Alpharetta (aka Alpharetta Harry's)	162.34	3.53	0	1	0	0	0	3	3
08/06/2010	SO	Alpharetta (aka Alpharetta Harry's)	196.19	3.86	0	1	0	0	0	3	3
06/15/2010	SO	Alpharetta (aka Alpharetta Harry's)	189.97	3.64	0	0	0	0	0	3	3
06/22/2010	SO	Alpharetta (aka Alpharetta Harry's)	218.37	3.85	0	1	0	0	0	3	3
06/29/2010	SO	Alpharetta (aka Alpharetta Harry's)	116.25	4.03	0	0	0	0	0	3	3
06/07/2010	SO	Alpharetta (aka Alpharetta Harry's)	244.41	3.63	0	1	0	0	0	3	3
07/13/2010	SO	Alpharetta (aka Alpharetta Harry's)	259.8	3.79	0	0	1	0	0	3	3
04/05/2010	MW	Ann Arbor	171.02	4.19	1	0	0	1	0	3	3
11/05/2010	MW	Ann Arbor	213.93	4.69	1	0	0	1	0	3	3
05/18/2010	MW	Ann Arbor	303.14	4.15	1	0	1	0	1	3	3
05/25/2010	MW	Ann Arbor	234.53	4.3	1	0	0	1	1	3	3
01/06/2010	MW	Ann Arbor	269.09	3.67	1	1	1	1	0	3	3
08/06/2010	MW	Ann Arbor	300.55	4.06	1	1	1	1	0	3	3
06/15/2010	MW	Ann Arbor	288.18	4.39	1	1	1	1	1	3	3
06/22/2010	MW	Ann Arbor	396.25	4.39	1	0	1	1	1	3	3
06/29/2010	MW	Ann Arbor	256.55	3.74	1	1	1	1	1	3	3
06/07/2010	MW	Ann Arbor	295.9	3.91	1	0	1	1	1	3	3
07/13/2010	MW	Ann Arbor	456.47	4.11	1	0	1	1	1	3	3
04/05/2010	MA	Annapolis	155.87	3.9	0	1	0	0	0	2	1
11/05/2010	MA	Annapolis	193.51	3.54	0	0	0	0	0	2	1
05/18/2010	MA	Annapolis	309.49	3.48	0	0	1	0	0	2	1
05/25/2010	MA	Annapolis	254.93	3.6	0	0	1	1	0	2	1
01/06/2010	MA	Annapolis	195.31	3.48	0	1	0	1	0	2	1
08/06/2010	MA	Annapolis	267.94	4.06	0	0	1	1	0	2	1
06/15/2010	MA	Annapolis	247.13	4.06	0	0	0	1	1	2	1
06/22/2010	MA	Annapolis	299.34	3.71	0	0	1	0	1	2	1
06/29/2010	MA	Annapolis	265.72	4.04	0	1	1	1	1	2	1
06/07/2010	MA	Annapolis	259.04	3.71	0	0	1	1	0	2	1
07/13/2010	MA	Annapolis	280.66	3.71	0	0	1	1	0	2	1
04/05/2010	SP	Arroyo	291.01	5.17	1	0	1	1	0	4	2
11/05/2010	SP	Arroyo	392	4.8	1	0	1	1	1	4	2
05/18/2010	SP	Arroyo	232.24	4.68	1	0	0	1	1	4	2
05/25/2010	SP	Arroyo	278.49	4.36	1	0	1	1	0	4	2
01/06/2010	SP	Arroyo	240.17	4.19	1	1	0	1	1	4	2
08/06/2010	SP	Arroyo	229.22	4.94	1	1	0	1	1	4	2
06/15/2010	SP	Arroyo	226.59	4.86	1	0	0	1	0	4	2
06/22/2010	SP	Arroyo	300.13	4.86	1	1	1	0	1	4	2
06/29/2010	SP	Arroyo	457.34	4.79	1	0	1	1	1	4	2
06/07/2010	SP	Arroyo	368.99	3.91	1	0	1	1	0	4	2
07/13/2010	SP	Arroyo	409.11	4.31	1	1	1	1	0	4	2
04/05/2010	NP	Bedford	185.93	4.2	0	0	0	0	0	3	5
11/05/2010	NP	Bedford	139.78	4.2	0	0	0	0	0	3	5
05/18/2010	NP	Bedford	148.04	3.76	0	0	0	0	0	3	5
05/25/2010	NP	Bedford	188.05	3.86	0	0	0	0	0	3	5
01/06/2010	NP	Bedford	186.24	3.86	0	1	0	0	0	3	5
08/06/2010	NP	Bedford	167.51	4.2	0	0	0	0	0	3	5
06/15/2010	NP	Bedford	106.25	4.16	0	0	0	0	0	3	5
06/22/2010	NP	Bedford	167.94	4.12	0	0	0	0	0	3	5
06/29/2010	NP	Bedford	87.52	4.2	0	0	0	0	0	3	5
06/07/2010	NP	Bedford	171.45	3.78	0	1	0	0	0	3	5
07/13/2010	NP	Bedford	116.26	3.27	0	0	0	0	0	3	5
04/05/2010	SW	Bellaire	202.15	4.56	0	0	0	0	0	3	2
11/05/2010	SW	Bellaire	52.21	4.56	0	0	0	0	0	3	2
05/18/2010	SW	Bellaire	207.06	3.92	0	0	0	0	0	3	2
05/25/2010	SW	Bellaire	152.88	3.91	0	0	0	0	0	3	2
01/06/2010	SW	Bellaire	196.05	3.91	0	1	0	0	0	3	2
08/06/2010	SW	Bellaire	119.14	4.49	0	0	0	0	0	3	2
06/15/2010	SW	Bellaire	195.48	4.56	0	1	0	0	0	3	2
06/22/2010	SW	Bellaire	225.25	4.43	0	1	0	0	0	3	2
06/29/2010	SW	Bellaire	114.94	4.49	0	0	0	0	0	3	2
06/07/2010	SW	Bellaire	170.28	4.35	0	0	0	0	0	3	2
07/13/2010	SW	Bellaire	223.11	4.35	0	1	0	0	0	3	2
04/05/2010	PN	Bellevue	178.3	4.84	1	0	0	0	0	2	2
11/05/2010	PN	Bellevue	198.51	4.22	1	0	0	0	0	2	2
05/18/2010	PN	Bellevue	329.45	4.11	1	0	1	0	0	2	2
05/25/2010	PN	Bellevue	241.51	4.11	1	1	0	1	0	2	2
01/06/2010	PN	Bellevue	180.83	4.11	1	0	0	1	0	2	2
08/06/2010	PN	Bellevue	226.1	4.56	1	0	0	1	0	2	2
06/15/2010	PN	Bellevue	257.03	4.32	1	0	1	0	1	2	2
06/22/2010	PN	Bellevue	751.93	4.07	1	1	1	1	1	2	2
06/29/2010	PN	Bellevue	789.09	3.39	1	1	1	1	0	2	2
06/07/2010	PN	Bellevue	831.14	3.53	1	1	1	1	0	2	2
07/13/2010	PN	Bellevue	725.73	2.89	1	1	1	1	1	2	2
04/05/2010	NP	Bellingham	156.18	4.2	0	0	0	0	0	3	0
11/05/2010	NP	Bellingham	208.04	4.12	0	0	0	0	0	3	0
05/18/2010	NP	Bellingham	165.14	3.86	0	0	0	0	0	3	0
05/25/2010	NP	Bellingham	165.87	3.86	0	0	0	0	0	3	0
01/06/2010	NP	Bellingham	134.34	3.76	0	1	0	0	0	3	0
08/06/2010	NP	Bellingham	187.08	4.2	0	1	0	0	0	3	0
06/15/2010	NP	Bellingham	230.61	4.2	0	0	0	0	0	3	0
06/22/2010	NP	Bellingham	150.45	4.2	0	0	0	0	0	3	0
06/29/2010	NP	Bellingham	303.29	3.82	0	1	1	0	0	3	0
06/07/2010	NP	Bellingham	256.18	3.1	0	0	1	1	0	3	0
07/13/2010	NP	Bellingham	241.45	3.1	0	0	0	1	0	3	0
04/05/2010	RM	Belmar	297.22	4.29	1	1	1	0	0	3	2
11/05/2010	RM	Belmar	268.41	4.29	1	0	1	1	0	3	2
05/18/2010	RM	Belmar	206.03	4.09	1	1	0	1	0	3	2
05/25/2010	RM	Belmar	201.97	4.09	1	0	0	1	0	3	2
01/06/2010	RM	Belmar	239.73	3.84	1	0	0	1	1	3	2
08/06/2010	RM	Belmar	171.39	4.26	1	0	0	0	1	3	2
06/15/2010	RM	Belmar	172.75	4.99	1	0	0	0	1	3	2
06/22/2010	RM	Belmar	379.2	3.77	1	0	1	0	0	3	2
06/29/2010	RM	Belmar	346.15	4.7	1	0	1	1	0	3	2
06/07/2010	RM	Belmar	371.49	3.59	1	1	1	1	0	3	2
07/13/2010	RM	Belmar	302.61	3.85	1	0	1	1	0	3	2
04/05/2010	PN	Bend	222.52	4.68	1	0	0	0	0	1	2
11/05/2010	PN	Bend	242.03	4.2	1	0	0	0	0	1	2
05/18/2010	PN	Bend	222.57	4.2	1	0	0	0	0	1	2
05/25/2010	PN	Bend	240.3	3.58	1	1	0	0	0	1	2
01/06/2010	PN	Bend	297.32	4.05	1	1	1	0	0	1	2
08/06/2010	PN	Bend	214.81	4.47	1	0	0	1	0	1	2
06/15/2010	PN	Bend	224.81	3.7	1	0	0	1	0	1	2
06/22/2010	PN	Bend	242.09	3.89	1	0	0	1	0	1	2
06/29/2010	PN	Bend	221.64	3.76	1	1	0	0	1	1	2
06/07/2010	PN	Bend	270	3	1	1	1	0	1	1	2
07/13/2010	PN	Bend	320.59	3	1	0	1	1	0	1	2
04/05/2010	MA	Bethesda	138.23	3.94	0	0	0	0	0	4	3
11/05/2010	MA	Bethesda	263.24	3.52	0	1	1	0	0	4	3
05/18/2010	MA	Bethesda	119.96	3.55	0	0	0	1	0	4	3
05/25/2010	MA	Bethesda	212.36	3.44	0	1	0	1	0	4	3
01/06/2010	MA	Bethesda	167.09	3.55	0	0	0	1	0	4	3
08/06/2010	MA	Bethesda	293.52	3.52	0	1	1	0	1	4	3
06/15/2010	MA	Bethesda	207.82	3.63	0	0	0	1	1	4	3
06/22/2010	MA	Bethesda	273.71	3.63	0	1	1	1	0	4	3
06/29/2010	MA	Bethesda	252.25	3.52	0	1	1	1	0	4	3
06/07/2010	MA	Bethesda	299.64	3.2	0	1	1	1	1	4	3
07/13/2010	MA	Bethesda	305.57	3.2	0	1	1	1	1	4	3
04/05/2010	FL	Biscayne (aka Aventura)	150.7	4.39	0	0	0	0	0	2	0
11/05/2010	FL	Biscayne (aka Aventura)	197.4	4	0	0	0	0	0	2	0
05/18/2010	FL	Biscayne (aka Aventura)	235.11	3.81	0	0	0	0	0	2	0
05/25/2010	FL	Biscayne (aka Aventura)	226.69	3.84	0	1	0	0	0	2	0
01/06/2010	FL	Biscayne (aka Aventura)	257.69	3.9	0	0	1	0	0	2	0
08/06/2010	FL	Biscayne (aka Aventura)	132.96	4.5	0	1	0	1	0	2	0
06/15/2010	FL	Biscayne (aka Aventura)	221.89	4.12	0	0	0	1	0	2	0
06/22/2010	FL	Biscayne (aka Aventura)	245.88	4.12	0	1	0	1	0	2	0
06/29/2010	FL	Biscayne (aka Aventura)	156.1	4.12	0	0	0	0	1	5	0
06/07/2010	FL	Biscayne (aka Aventura)	200.1	3.75	0	1	0	0	1	2	0
07/13/2010	FL	Biscayne (aka Aventura)	128.4	4.01	0	0	0	0	0	2	0
04/05/2010	FL	Boca Raton	142.78	4.39	0	0	0	0	0	1	4
11/05/2010	FL	Boca Raton	237.54	4.24	0	1	0	0	0	1	4
05/18/2010	FL	Boca Raton	141.53	3.81	0	1	0	0	0	1	4
05/25/2010	FL	Boca Raton	158.07	3.81	0	0	0	0	0	1	4
01/06/2010	FL	Boca Raton	255.12	4.06	0	0	1	0	0	1	4
08/06/2010	FL	Boca Raton	129.79	4.38	0	0	0	1	0	1	4
06/15/2010	FL	Boca Raton	137.76	4.36	0	0	0	1	0	1	4
06/22/2010	FL	Boca Raton	306.79	4.36	0	1	1	1	0	1	4
06/29/2010	FL	Boca Raton	103.32	4.36	0	0	0	1	1	1	4
06/07/2010	FL	Boca Raton	240.23	4.01	0	0	0	1	1	1	4
07/13/2010	FL	Boca Raton	190.02	4.01	0	1	0	1	0	1	4
04/05/2010	NE	Bowery	127.98	4.63	0	0	0	0	0	2	2
11/05/2010	NE	Bowery	152.53	4.93	0	1	0	0	0	2	2
05/18/2010	NE	Bowery	250.6	4.37	0	1	1	0	0	2	2
05/25/2010	NE	Bowery	230.19	4.21	1	0	0	1	0	2	2
01/06/2010	NE	Bowery	258.27	4.21	1	0	1	1	0	2	2
08/06/2010	NE	Bowery	120.97	4.63	1	1	0	1	0	2	2
06/15/2010	NE	Bowery	323.96	4.65	1	0	1	0	1	2	2
06/22/2010	NE	Bowery	332.54	4.12	1	0	1	1	1	2	2
06/29/2010	NE	Bowery	318.75	4.12	1	0	1	1	0	2	2
06/07/2010	NE	Bowery	333.85	3.31	1	0	1	1	0	2	2
07/13/2010	NE	Bowery	335.28	3.15	1	1	1	1	1	2	2
04/05/2010	PN	Bridgeport	248.68	4.57	1	0	0	0	0	2	0
11/05/2010	PN	Bridgeport	240.5	4.26	1	1	0	0	0	2	0
05/18/2010	PN	Bridgeport	278.55	4.17	1	0	1	0	0	2	0
05/25/2010	PN	Bridgeport	204.65	4.2	1	0	0	1	0	2	0
01/06/2010	PN	Bridgeport	266.28	4.17	1	1	1	1	0	2	0
08/06/2010	PN	Bridgeport	175.17	4.2	1	0	0	1	0	2	0
06/15/2010	PN	Bridgeport	280.71	3.95	1	1	1	0	1	2	0
06/22/2010	PN	Bridgeport	712.72	3.18	1	1	1	1	1	2	0
06/29/2010	PN	Bridgeport	648.38	3.59	1	1	1	1	0	2	0
06/07/2010	PN	Bridgeport	776.29	3.32	1	1	1	1	0	2	0
07/13/2010	PN	Bridgeport	737.21	3.03	1	1	1	1	1	2	0
04/05/2010	MA	Cedar Center	170.7	3.9	0	0	0	0	0	3	2
11/05/2010	MA	Cedar Center	115.69	3.9	0	0	0	0	0	3	2
05/18/2010	MA	Cedar Center	162.41	3.62	0	1	0	0	0	3	2
05/25/2010	MA	Cedar Center	257.49	3.78	0	0	1	0	0	3	2
01/06/2010	MA	Cedar Center	248.69	3.78	0	0	0	1	0	3	2
08/06/2010	MA	Cedar Center	151.29	3.75	0	1	0	1	0	3	2
06/15/2010	MA	Cedar Center	155.61	3.94	0	1	0	1	0	3	2
06/22/2010	MA	Cedar Center	110.56	3.86	0	0	0	0	1	3	2
06/29/2010	MA	Cedar Center	233.26	3.97	0	1	0	0	1	3	2
06/07/2010	MA	Cedar Center	228.33	3.47	0	0	0	0	0	3	2
07/13/2010	MA	Cedar Center	221.79	3.47	0	0	0	0	0	3	2
04/05/2010	RM	Cerrillos (aka Santa Fe)	145.78	5.39	1	0	0	0	0	2	1
11/05/2010	RM	Cerrillos (aka Santa Fe)	309.05	5.02	1	0	1	0	0	2	1
05/18/2010	RM	Cerrillos (aka Santa Fe)	154.6	5.22	1	0	0	1	0	2	1
05/25/2010	RM	Cerrillos (aka Santa Fe)	247.73	4.88	1	1	0	1	0	2	1
01/06/2010	RM	Cerrillos (aka Santa Fe)	227.99	3.97	1	0	0	1	0	2	1
08/06/2010	RM	Cerrillos (aka Santa Fe)	226.6	4	1	0	0	0	1	2	1
06/15/2010	RM	Cerrillos (aka Santa Fe)	233.32	4.9	1	0	0	0	1	2	1
06/22/2010	RM	Cerrillos (aka Santa Fe)	215.21	4.93	1	0	0	0	0	2	1
06/29/2010	RM	Cerrillos (aka Santa Fe)	233.41	4.32	1	0	0	0	0	2	1
06/07/2010	RM	Cerrillos (aka Santa Fe)	297.12	4.12	1	1	1	0	0	2	1
07/13/2010	RM	Cerrillos (aka Santa Fe)	258.46	4.68	1	0	1	1	0	2	1
04/05/2010	NE	Chelsea	169.6	4.24	0	1	0	0	0	3	1
11/05/2010	NE	Chelsea	209.4	4.23	0	0	0	0	0	3	1
05/18/2010	NE	Chelsea	196.35	4	0	1	0	0	0	3	1
05/25/2010	NE	Chelsea	358.38	4	1	1	1	0	0	3	1
01/06/2010	NE	Chelsea	198.01	4	1	0	0	1	0	3	1
08/06/2010	NE	Chelsea	166.41	4.24	1	1	0	1	0	3	1
06/15/2010	NE	Chelsea	299.87	4.24	1	0	1	1	0	3	1
06/22/2010	NE	Chelsea	344.86	4.24	1	0	1	1	1	3	1
06/29/2010	NE	Chelsea	340.27	4.24	1	0	1	1	1	3	1
06/07/2010	NE	Chelsea	262.28	3.75	1	0	1	1	0	3	1
07/13/2010	NE	Chelsea	235.87	3.75	1	0	0	1	1	2	1
04/05/2010	SO	Cobb (aka Cobb Harry's)	87.77	4.05	0	0	0	1	1	1	4
11/05/2010	SO	Cobb (aka Cobb Harry's)	245.93	3.72	0	1	0	1	1	1	4
05/18/2010	SO	Cobb (aka Cobb Harry's)	210.68	3.55	0	1	0	1	0	1	4
05/25/2010	SO	Cobb (aka Cobb Harry's)	178.49	3.46	0	1	0	0	1	1	4
01/06/2010	SO	Cobb (aka Cobb Harry's)	167.61	3.65	0	0	0	0	1	1	4
08/06/2010	SO	Cobb (aka Cobb Harry's)	198.36	3.64	0	0	0	0	0	1	4
06/15/2010	SO	Cobb (aka Cobb Harry's)	238.09	3.94	0	1	0	0	0	1	4
06/22/2010	SO	Cobb (aka Cobb Harry's)	175.31	3.98	0	1	0	0	0	1	4
06/29/2010	SO	Cobb (aka Cobb Harry's)	191.41	4.57	0	1	0	0	0	1	4
06/07/2010	SO	Cobb (aka Cobb Harry's)	145.28	3.63	0	1	0	0	0	1	4
07/13/2010	SO	Cobb (aka Cobb Harry's)	275.56	3.44	0	1	1	0	0	1	4
04/05/2010	MA	Columbus	326.96	4.12	0	0	1	0	0	1	4
11/05/2010	MA	Columbus	172.14	4.13	0	1	0	1	0	1	4
05/18/2010	MA	Columbus	209.3	3.62	0	1	0	1	0	1	4
05/25/2010	MA	Columbus	158.7	3.76	0	0	0	1	0	1	4
01/06/2010	MA	Columbus	203.48	3.78	0	0	0	0	1	1	4
08/06/2010	MA	Columbus	183.1	3.63	0	0	0	0	1	1	4
06/15/2010	MA	Columbus	162.4	3.75	0	1	0	0	0	1	4
06/22/2010	MA	Columbus	372.17	3.74	0	1	1	0	0	1	4
06/29/2010	MA	Columbus	389.76	3.74	0	1	1	1	0	1	4
06/07/2010	MA	Columbus	302.68	3.5	0	1	1	1	0	1	4
07/13/2010	MA	Columbus	301.9	3.5	0	1	1	1	0	1	4
04/05/2010	NE	Columbus Circle	203.8	4.2	0	1	0	0	0	3	1
11/05/2010	NE	Columbus Circle	219.29	4.82	0	0	0	0	0	3	1
05/18/2010	NE	Columbus Circle	294.08	4.12	0	0	1	0	0	3	1
05/25/2010	NE	Columbus Circle	337.73	3.92	1	0	1	1	0	3	1
01/06/2010	NE	Columbus Circle	198.85	3.92	1	0	0	1	0	3	1
08/06/2010	NE	Columbus Circle	224.23	4.2	1	1	0	1	0	3	1
06/15/2010	NE	Columbus Circle	258.86	4.2	1	0	1	0	1	3	1
06/22/2010	NE	Columbus Circle	259.4	3.8	1	0	1	1	1	3	1
06/29/2010	NE	Columbus Circle	206.17	3.93	1	1	0	1	0	3	1
06/07/2010	NE	Columbus Circle	304.47	3.31	1	0	1	1	0	3	1
07/13/2010	NE	Columbus Circle	331.18	3.15	1	0	1	1	1	3	1
04/05/2010	FL	Coral Gables	149.77	4.52	0	1	0	0	0	3	1
11/05/2010	FL	Coral Gables	223.61	3.72	0	1	0	0	0	3	1
05/18/2010	FL	Coral Gables	216.37	3.79	0	1	0	0	0	3	1
05/25/2010	FL	Coral Gables	205.53	3.9	0	1	0	0	0	3	1
01/06/2010	FL	Coral Gables	131.63	4.04	0	0	0	0	0	3	1
08/06/2010	FL	Coral Gables	199.93	4.41	0	1	0	0	0	3	1
06/15/2010	FL	Coral Gables	217.95	4.36	0	1	0	0	0	3	1
06/22/2010	FL	Coral Gables	139.61	4.39	0	1	0	0	0	3	1
06/29/2010	FL	Coral Gables	106.42	4.52	0	0	0	0	0	3	1
06/07/2010	FL	Coral Gables	203.74	3.9	0	0	0	0	0	3	1
07/13/2010	FL	Coral Gables	159.43	4.19	0	0	0	0	0	3	1
04/05/2010	FL	Coral Springs	305.18	4.49	0	1	1	0	0	2	1
11/05/2010	FL	Coral Springs	235.46	4.4	0	0	0	1	0	2	1
05/18/2010	FL	Coral Springs	239.69	3.81	0	1	0	1	0	2	1
05/25/2010	FL	Coral Springs	220.95	4.06	0	1	0	1	0	2	1
01/06/2010	FL	Coral Springs	233.33	3.96	0	1	0	0	1	2	1
08/06/2010	FL	Coral Springs	143.79	3.69	0	0	0	0	1	2	1
06/15/2010	FL	Coral Springs	192.92	4.64	0	1	0	0	0	2	1
06/22/2010	FL	Coral Springs	134.71	4.37	0	1	0	0	0	2	1
06/29/2010	FL	Coral Springs	118.94	4.64	0	0	0	0	0	2	1
06/07/2010	FL	Coral Springs	206.22	3.9	0	1	0	0	0	2	1
07/13/2010	FL	Coral Springs	149.38	4.1	0	1	0	0	0	2	1
04/05/2010	NP	Cranston (aka Garden City Center)	170.87	4.2	0	0	0	0	0	2	1
11/05/2010	NP	Cranston (aka Garden City Center)	181.32	4.14	0	0	0	0	0	2	1
05/18/2010	NP	Cranston (aka Garden City Center)	207.63	3.86	0	0	0	0	0	2	1
05/25/2010	NP	Cranston (aka Garden City Center)	275.83	3.86	0	1	1	0	0	2	1
01/06/2010	NP	Cranston (aka Garden City Center)	265.7	3.86	0	1	1	1	0	2	1
08/06/2010	NP	Cranston (aka Garden City Center)	175.78	4.2	0	1	0	1	0	2	1
06/15/2010	NP	Cranston (aka Garden City Center)	259.86	4.2	0	0	1	1	0	2	1
06/22/2010	NP	Cranston (aka Garden City Center)	178.22	4.2	0	1	0	1	1	2	1
06/29/2010	NP	Cranston (aka Garden City Center)	257.45	4.2	0	0	1	0	1	2	1
06/07/2010	NP	Cranston (aka Garden City Center)	157.42	3.78	0	1	0	1	1	2	1
07/13/2010	NP	Cranston (aka Garden City Center)	217.68	3.42	0	1	0	1	0	2	1
04/05/2010	MW	Deerfield	309.37	4.61	1	0	1	0	0	4	3
11/05/2010	MW	Deerfield	350.67	4.59	1	1	1	1	0	4	3
05/18/2010	MW	Deerfield	346.59	3.77	1	0	1	1	0	4	3
05/25/2010	MW	Deerfield	265.65	3.71	1	1	1	1	0	4	3
01/06/2010	MW	Deerfield	288.29	4.14	1	1	1	1	1	4	3
08/06/2010	MW	Deerfield	344.06	4.08	1	0	1	1	1	4	3
06/15/2010	MW	Deerfield	308.46	4.08	1	0	1	1	1	4	3
06/22/2010	MW	Deerfield	350.9	3.59	1	1	1	1	1	4	3
06/29/2010	MW	Deerfield	333.07	4.06	1	0	1	1	1	4	3
06/07/2010	MW	Deerfield	352.88	3.37	1	0	1	1	1	4	3
07/13/2010	MW	Deerfield	348.12	4.11	1	1	1	1	1	4	3
04/05/2010	SO	Duluth	230.11	3.8	0	0	0	0	0	2	3
11/05/2010	SO	Duluth	168.73	3.43	0	0	0	0	0	2	3
05/18/2010	SO	Duluth	245.15	3.46	0	1	0	0	0	2	3
05/25/2010	SO	Duluth	228.76	3.46	0	0	0	0	0	2	3
01/06/2010	SO	Duluth	79.24	3.46	0	0	0	0	0	2	3
08/06/2010	SO	Duluth	177.14	3.56	0	0	0	0	0	2	3
06/15/2010	SO	Duluth	212.03	3.56	0	1	0	0	0	2	3
06/22/2010	SO	Duluth	189.09	3.66	0	0	0	0	0	2	3
06/29/2010	SO	Duluth	140.58	3.69	0	1	0	0	0	2	3
06/07/2010	SO	Duluth	167.77	3.44	0	0	0	0	0	2	3
07/13/2010	SO	Duluth	249.09	3.58	0	0	0	0	0	2	3
04/05/2010	NE	Edgewater	280.67	4.16	0	1	1	0	0	3	0
11/05/2010	NE	Edgewater	340.36	4.16	0	0	1	1	0	3	0
05/18/2010	NE	Edgewater	293.19	3.95	0	0	1	1	0	3	0
05/25/2010	NE	Edgewater	247.65	4.24	1	0	0	1	0	3	0
01/06/2010	NE	Edgewater	236.23	4.46	1	1	0	1	1	3	0
08/06/2010	NE	Edgewater	272.24	4.73	1	0	1	1	1	3	0
06/15/2010	NE	Edgewater	183.68	4.16	1	1	0	1	1	3	0
06/22/2010	NE	Edgewater	252.51	4.19	1	0	1	1	1	3	0
06/29/2010	NE	Edgewater	289.86	4.16	1	0	1	1	0	3	0
06/07/2010	NE	Edgewater	200.91	3.78	1	0	0	1	1	3	0
07/13/2010	NE	Edgewater	135.17	3.78	1	0	0	1	1	3	0
04/05/2010	MA	Fair Lakes	137.12	3.9	0	0	0	0	0	4	1
11/05/2010	MA	Fair Lakes	184.92	3.54	0	0	0	0	0	4	1
05/18/2010	MA	Fair Lakes	169.84	3.34	0	1	0	0	0	4	1
05/25/2010	MA	Fair Lakes	219.35	3.34	0	1	0	0	0	4	1
01/06/2010	MA	Fair Lakes	148.64	3.34	0	0	0	0	0	4	1
08/06/2010	MA	Fair Lakes	292.91	3.54	0	1	1	0	0	4	1
06/15/2010	MA	Fair Lakes	222.28	3.54	0	0	0	1	0	4	1
06/22/2010	MA	Fair Lakes	148.15	3.63	0	0	0	1	0	4	1
06/29/2010	MA	Fair Lakes	270.14	3.75	0	0	1	1	0	4	1
06/07/2010	MA	Fair Lakes	194.18	3.25	0	0	0	1	1	4	1
07/13/2010	MA	Fair Lakes	170.54	3.13	0	0	0	1	1	4	1
04/05/2010	SP	Fairfax	193.07	4.82	1	0	0	0	0	3	1
11/05/2010	SP	Fairfax	263.64	4.82	1	0	1	0	0	3	1
05/18/2010	SP	Fairfax	176.27	4.48	1	0	0	1	0	3	1
05/25/2010	SP	Fairfax	223.05	4.2	1	0	0	1	0	3	1
01/06/2010	SP	Fairfax	164.64	4.34	1	0	0	1	0	3	1
08/06/2010	SP	Fairfax	248.94	4.55	1	0	0	0	1	3	1
06/15/2010	SP	Fairfax	373.23	4.62	1	1	1	0	1	3	1
06/22/2010	SP	Fairfax	338.16	4.62	1	0	1	1	0	3	1
06/29/2010	SP	Fairfax	415.11	4.62	1	0	1	1	0	3	1
06/07/2010	SP	Fairfax	302.53	4.29	1	0	1	1	0	3	1
07/13/2010	SP	Fairfax	287.39	4.25	1	0	1	1	1	3	1
04/05/2010	SW	Forest	237.4	4.66	0	1	0	0	0	2	3
11/05/2010	SW	Forest	127.59	4.66	0	1	0	0	0	2	3
05/18/2010	SW	Forest	225.13	4.07	0	1	0	0	0	2	3
05/25/2010	SW	Forest	180.18	4.07	0	1	0	0	0	2	3
01/06/2010	SW	Forest	243.55	3.99	0	1	0	0	0	2	3
08/06/2010	SW	Forest	237.6	4.56	0	1	0	0	0	2	3
06/15/2010	SW	Forest	191.12	3.99	0	1	0	0	0	2	3
06/22/2010	SW	Forest	254.32	3.99	0	0	1	0	0	2	3
06/29/2010	SW	Forest	217.86	3.99	0	1	0	1	0	2	3
06/07/2010	SW	Forest	200.95	4.39	0	1	0	1	0	2	3
07/13/2010	SW	Forest	120.85	4.39	0	1	0	1	0	2	3
04/05/2010	SP	Fort Apache	347.92	4.66	1	0	1	0	0	2	2
11/05/2010	SP	Fort Apache	203.8	4.4	1	0	0	1	0	2	2
05/18/2010	SP	Fort Apache	241.46	4.15	1	1	0	1	0	2	2
05/25/2010	SP	Fort Apache	233.12	4.1	1	0	0	1	0	2	2
01/06/2010	SP	Fort Apache	206.84	4.14	1	1	0	0	1	2	2
08/06/2010	SP	Fort Apache	268.01	4.33	1	0	1	0	1	2	2
06/15/2010	SP	Fort Apache	340.76	4.33	1	0	1	1	0	2	2
06/22/2010	SP	Fort Apache	299.35	4.31	1	0	1	1	0	2	2
06/29/2010	SP	Fort Apache	398.97	4.44	1	0	1	1	0	2	2
06/07/2010	SP	Fort Apache	317.9	3.88	1	0	1	1	1	2	2
07/13/2010	SP	Fort Apache	343.42	3.85	1	0	1	1	1	2	2
04/05/2010	RM	Fort Collins	336.22	4.32	1	0	1	0	0	3	4
11/05/2010	RM	Fort Collins	364.17	4.52	1	0	1	1	0	3	4
05/18/2010	RM	Fort Collins	291.19	4.95	1	0	1	1	0	3	4
05/25/2010	RM	Fort Collins	279.63	4.69	1	0	1	1	0	3	4
01/06/2010	RM	Fort Collins	328.56	4.84	1	0	1	1	1	3	4
08/06/2010	RM	Fort Collins	329.4	4.7	1	0	1	1	1	3	4
06/15/2010	RM	Fort Collins	211.37	4.9	1	1	0	1	1	3	4
06/22/2010	RM	Fort Collins	428.35	4.03	1	1	1	1	1	3	4
06/29/2010	RM	Fort Collins	412.79	4.84	1	1	1	1	1	3	4
06/07/2010	RM	Fort Collins	328.22	4.25	1	0	1	1	1	3	4
07/13/2010	RM	Fort Collins	269.83	4.54	1	1	1	1	1	3	4
04/05/2010	FL	Fort Lauderdale	152.35	4.37	0	0	0	0	0	4	2
11/05/2010	FL	Fort Lauderdale	118.77	4.04	0	0	0	0	0	4	2
05/18/2010	FL	Fort Lauderdale	147.82	3.84	0	0	0	0	0	4	2
05/25/2010	FL	Fort Lauderdale	199.09	4.06	0	0	0	0	0	4	2
01/06/2010	FL	Fort Lauderdale	160.97	3.84	0	0	0	0	0	4	2
08/06/2010	FL	Fort Lauderdale	204.56	4.1	0	1	0	0	0	4	2
06/15/2010	FL	Fort Lauderdale	189.29	4.12	0	0	0	0	0	4	2
06/22/2010	FL	Fort Lauderdale	177.42	4.1	0	0	0	0	0	4	2
06/29/2010	FL	Fort Lauderdale	173.99	4.12	0	0	0	0	0	4	2
06/07/2010	FL	Fort Lauderdale	141.87	3.71	0	1	0	0	0	4	2
07/13/2010	FL	Fort Lauderdale	232.06	3.71	0	1	0	0	0	4	2
04/05/2010	NP	Framingham	111.16	4.2	0	0	0	0	0	3	1
11/05/2010	NP	Framingham	193.78	4.2	0	0	0	0	0	3	1
05/18/2010	NP	Framingham	119.11	3.86	0	0	0	0	0	3	1
05/25/2010	NP	Framingham	260.31	3.86	0	0	1	0	0	3	1
01/06/2010	NP	Framingham	227.6	3.86	0	1	0	1	0	2	1
08/06/2010	NP	Framingham	161.89	4.2	0	1	0	1	0	2	1
06/15/2010	NP	Framingham	141.38	4.2	0	1	0	1	0	2	1
06/22/2010	NP	Framingham	231.12	4.2	0	1	0	0	1	2	1
06/29/2010	NP	Framingham	198.16	4.2	0	0	0	0	1	2	1
06/07/2010	NP	Framingham	279.11	3.78	0	0	1	0	0	2	1
07/13/2010	NP	Framingham	147.98	3.78	0	0	0	1	0	2	1
04/05/2010	PN	Fremont	198.71	4.59	1	0	0	0	0	3	4
11/05/2010	PN	Fremont	254.85	4.68	1	0	1	0	0	3	4
05/18/2010	PN	Fremont	343.57	4.2	1	0	1	1	0	3	4
05/25/2010	PN	Fremont	291.42	4.51	1	0	1	1	0	3	4
01/06/2010	PN	Fremont	269.08	4.2	1	1	1	1	0	3	4
08/06/2010	PN	Fremont	219.25	4.68	1	0	0	1	1	3	4
06/15/2010	PN	Fremont	325.61	4.16	1	0	1	1	1	3	4
06/22/2010	PN	Fremont	296.14	4.67	1	0	1	1	1	3	4
06/29/2010	PN	Fremont	260.04	3.78	1	1	1	1	1	3	4
06/07/2010	PN	Fremont	159.47	3.91	1	0	0	1	1	3	4
07/13/2010	PN	Fremont	283.49	3.54	1	0	1	1	1	3	4
04/05/2010	NP	Fresh Pond	183.65	4.63	0	0	0	0	0	2	1
11/05/2010	NP	Fresh Pond	197.1	4.2	0	0	0	0	0	2	1
05/18/2010	NP	Fresh Pond	199.91	3.86	0	0	0	0	0	2	1
05/25/2010	NP	Fresh Pond	196.19	4.07	0	1	0	0	0	2	1
01/06/2010	NP	Fresh Pond	153.56	3.86	0	1	0	0	0	2	1
08/06/2010	NP	Fresh Pond	175.44	4.2	0	1	0	0	0	2	1
06/15/2010	NP	Fresh Pond	176.74	4.63	0	1	0	0	0	2	1
06/22/2010	NP	Fresh Pond	137.51	4.2	0	0	0	0	0	2	1
06/29/2010	NP	Fresh Pond	165.45	4.04	0	0	0	0	0	2	1
06/07/2010	NP	Fresh Pond	219.33	3.5	0	1	0	0	0	2	1
07/13/2010	NP	Fresh Pond	162.07	3.5	0	1	0	0	0	2	1
04/05/2010	NC	Fresno	194.93	4.5	1	0	0	0	0	3	0
11/05/2010	NC	Fresno	215.84	4.59	1	0	0	0	0	3	0
05/18/2010	NC	Fresno	336.95	4.39	1	0	1	0	0	3	0
05/25/2010	NC	Fresno	225.76	4.12	1	0	0	1	0	3	0
01/06/2010	NC	Fresno	234.18	4.04	1	0	0	1	0	3	0
08/06/2010	NC	Fresno	299.47	4.9	1	0	1	1	0	3	0
06/15/2010	NC	Fresno	153.64	4.88	1	0	0	1	1	3	0
06/22/2010	NC	Fresno	368.85	4.87	1	0	1	1	1	3	0
06/29/2010	NC	Fresno	343.45	4.51	1	0	1	1	0	3	0
06/07/2010	NC	Fresno	191.47	4.35	1	0	0	1	1	3	0
07/13/2010	NC	Fresno	297.37	3.99	1	1	1	1	1	3	0
04/05/2010	MW	Galleria	314.56	4.17	1	1	1	0	0	2	4
11/05/2010	MW	Galleria	197.93	4.17	1	1	0	1	0	2	4
05/18/2010	MW	Galleria	204.79	3.54	1	0	0	1	0	2	4
05/25/2010	MW	Galleria	181.47	3.64	1	0	0	1	0	2	4
01/06/2010	MW	Galleria	287.24	3.54	1	0	1	0	1	2	4
08/06/2010	MW	Galleria	112.29	3.77	1	0	0	1	1	2	4
06/15/2010	MW	Galleria	232.4	3.82	1	0	0	1	0	2	4
06/22/2010	MW	Galleria	227.44	3.82	1	0	0	1	0	2	4
06/29/2010	MW	Galleria	279.66	3.82	1	0	1	0	1	2	4
06/07/2010	MW	Galleria	253.47	3.37	1	0	1	1	1	2	4
07/13/2010	MW	Galleria	231.83	3.37	1	1	0	1	0	2	4
04/05/2010	MA	Georgetown	171.57	3.62	0	1	0	0	0	3	0
11/05/2010	MA	Georgetown	227.66	3.62	0	1	0	0	0	3	0
05/18/2010	MA	Georgetown	186.25	3.34	0	1	0	0	0	3	0
05/25/2010	MA	Georgetown	235.95	3.36	0	0	0	0	0	3	0
01/06/2010	MA	Georgetown	193.9	3.34	0	0	0	0	0	3	0
08/06/2010	MA	Georgetown	293.98	3.54	0	1	1	0	0	3	0
06/15/2010	MA	Georgetown	288.1	3.54	0	0	1	1	0	3	0
06/22/2010	MA	Georgetown	220.35	3.52	0	1	0	1	0	3	0
06/29/2010	MA	Georgetown	309.78	3.63	0	0	1	1	0	3	0
06/07/2010	MA	Georgetown	252.82	3.13	0	1	1	1	1	3	0
07/13/2010	MA	Georgetown	274.33	3.2	0	1	1	1	1	3	0
04/05/2010	SP	Glendale	280.8	5.07	1	1	1	0	0	3	5
11/05/2010	SP	Glendale	335.64	4.62	1	1	1	1	0	3	5
05/18/2010	SP	Glendale	253.82	4.13	1	0	1	1	0	3	5
05/25/2010	SP	Glendale	295.81	4.1	1	0	1	1	0	3	5
01/06/2010	SP	Glendale	252.16	4.14	1	0	1	1	1	3	5
08/06/2010	SP	Glendale	184.09	4.31	1	0	0	1	1	3	5
06/15/2010	SP	Glendale	328.61	4.4	1	0	1	1	1	3	5
06/22/2010	SP	Glendale	360.38	4.62	1	1	1	1	1	3	5
06/29/2010	SP	Glendale	290.59	4.9	1	0	1	1	1	3	5
06/07/2010	SP	Glendale	317.51	4.27	1	0	1	1	1	3	5
07/13/2010	SP	Glendale	304.35	4.2	1	0	1	1	1	3	5
04/05/2010	MW	Gold Coast	207.12	4.61	1	0	0	0	0	2	5
11/05/2010	MW	Gold Coast	191	4.61	1	0	0	0	0	2	5
05/18/2010	MW	Gold Coast	209.2	4	1	0	0	0	0	2	5
05/25/2010	MW	Gold Coast	334.17	3.83	1	1	1	0	0	2	5
01/06/2010	MW	Gold Coast	269.54	3.73	1	1	1	1	0	2	5
08/06/2010	MW	Gold Coast	345.83	4.1	1	0	1	1	0	2	5
06/15/2010	MW	Gold Coast	232.06	4.08	1	0	0	1	0	2	5
06/22/2010	MW	Gold Coast	196.24	4.1	1	1	0	1	1	2	5
06/29/2010	MW	Gold Coast	269.96	4.08	1	1	1	1	1	2	5
06/07/2010	MW	Gold Coast	256.61	3.54	1	1	1	1	1	2	5
07/13/2010	MW	Gold Coast	244.19	3.5	1	0	0	1	1	2	5
04/05/2010	SO	Green Hills	184.18	4.07	0	0	0	0	0	1	5
11/05/2010	SO	Green Hills	152.85	3.94	0	0	0	0	0	1	5
05/18/2010	SO	Green Hills	180.34	3.85	0	1	0	0	0	1	5
05/25/2010	SO	Green Hills	177.08	3.85	0	0	0	0	0	1	5
01/06/2010	SO	Green Hills	181.74	3.95	0	0	0	0	0	1	5
08/06/2010	SO	Green Hills	138.42	3.95	0	0	0	0	0	1	5
06/15/2010	SO	Green Hills	215.01	3.95	0	0	0	0	0	1	5
06/22/2010	SO	Green Hills	253.09	4.02	0	1	1	0	0	1	5
06/29/2010	SO	Green Hills	178.86	3.78	0	1	0	1	0	1	5
06/07/2010	SO	Green Hills	174.99	3.83	0	0	0	1	0	1	5
07/13/2010	SO	Green Hills	168.46	3.54	0	0	0	1	0	1	5
04/05/2010	NP	Hadley	104.76	4.65	0	0	0	0	0	1	3
11/05/2010	NP	Hadley	202.08	4.63	0	0	0	0	0	1	3
05/18/2010	NP	Hadley	142.12	4	0	0	0	0	0	1	3
05/25/2010	NP	Hadley	223.05	3.86	0	1	0	0	0	1	3
01/06/2010	NP	Hadley	256.43	3.86	0	0	1	0	0	1	3
08/06/2010	NP	Hadley	168.2	4.63	0	0	0	1	0	1	3
06/15/2010	NP	Hadley	100.67	4.84	0	0	0	1	0	1	3
06/22/2010	NP	Hadley	230.25	4.63	0	0	0	1	0	1	3
06/29/2010	NP	Hadley	122.38	4.63	0	1	0	0	1	1	3
06/07/2010	NP	Hadley	175.46	4.26	0	1	0	0	1	1	3
07/13/2010	NP	Hadley	105.88	3.95	0	0	0	0	0	1	3
04/05/2010	SP	Henderson	401.5	4.66	1	0	1	0	0	1	4
11/05/2010	SP	Henderson	375.92	4.48	1	1	1	1	0	1	4
05/18/2010	SP	Henderson	237.3	4.12	1	0	0	1	0	1	4
05/25/2010	SP	Henderson	189.99	4.1	1	1	0	1	0	1	4
01/06/2010	SP	Henderson	218.77	4.14	1	0	0	1	1	1	4
08/06/2010	SP	Henderson	255.95	4.2	1	0	1	0	1	1	4
06/15/2010	SP	Henderson	188.1	4.32	1	0	0	1	1	1	4
06/22/2010	SP	Henderson	290.12	4.14	1	0	1	1	0	1	4
06/29/2010	SP	Henderson	357.72	4.07	1	0	1	1	0	1	4
06/07/2010	SP	Henderson	367.79	3.98	1	0	1	0	1	1	4
07/13/2010	SP	Henderson	388.25	4.25	1	0	1	0	1	1	4
04/05/2010	RM	Highlands Ranch	286.14	4.06	1	0	1	0	0	1	3
11/05/2010	RM	Highlands Ranch	100.1	4.72	1	0	0	1	0	1	3
05/18/2010	RM	Highlands Ranch	202.21	4.09	1	0	0	1	0	1	3
05/25/2010	RM	Highlands Ranch	277.05	4.06	1	0	1	1	0	1	3
01/06/2010	RM	Highlands Ranch	432.89	3.84	1	1	1	1	1	1	3
08/06/2010	RM	Highlands Ranch	427.79	5.17	1	1	1	1	1	1	3
06/15/2010	RM	Highlands Ranch	241.05	4.05	1	1	0	1	0	1	3
06/22/2010	RM	Highlands Ranch	556.55	3.85	1	0	1	1	1	1	3
06/29/2010	RM	Highlands Ranch	310	3.85	1	0	1	1	1	1	3
06/07/2010	RM	Highlands Ranch	409.74	4.44	1	1	1	1	1	1	3
07/13/2010	RM	Highlands Ranch	347.36	4.31	1	0	1	1	1	1	3
04/05/2010	NP	Hingham	169.33	4.63	0	1	0	0	0	2	0
11/05/2010	NP	Hingham	120.3	4.2	0	1	0	0	0	2	0
05/18/2010	NP	Hingham	152.07	4.07	0	0	0	0	0	2	0
05/25/2010	NP	Hingham	184.58	4.46	0	0	0	0	0	2	0
01/06/2010	NP	Hingham	154.57	3.86	0	1	0	0	0	2	0
08/06/2010	NP	Hingham	70.23	4.63	0	1	0	0	0	2	0
06/15/2010	NP	Hingham	149.17	4.63	0	1	0	0	0	2	0
06/22/2010	NP	Hingham	224.32	4.2	0	1	0	0	0	2	0
06/29/2010	NP	Hingham	215.39	4.63	0	0	0	0	0	2	0
06/07/2010	NP	Hingham	169.51	3.75	0	1	0	0	0	2	0
07/13/2010	NP	Hingham	210.36	3.5	0	1	0	0	0	2	0
04/05/2010	SP	Jamboree	256.55	4.9	1	1	1	0	0	2	2
11/05/2010	SP	Jamboree	325.72	4.4	1	0	1	1	0	2	2
05/18/2010	SP	Jamboree	247.14	4.15	1	1	0	1	0	2	2
05/25/2010	SP	Jamboree	256.54	4.1	1	1	1	1	0	2	2
01/06/2010	SP	Jamboree	254.04	4.1	1	0	1	1	1	2	2
08/06/2010	SP	Jamboree	335.14	4.46	1	1	1	1	1	2	2
06/15/2010	SP	Jamboree	254.1	4.4	1	0	1	1	1	2	2
06/22/2010	SP	Jamboree	327.02	4.35	1	1	1	1	1	2	2
06/29/2010	SP	Jamboree	301.25	4.4	1	1	1	1	1	2	2
06/07/2010	SP	Jamboree	333.55	4.29	1	0	1	1	1	2	2
07/13/2010	SP	Jamboree	309.27	4.25	1	0	1	1	1	2	2
04/05/2010	MA	Jenkintown	221.18	3.9	0	0	0	0	0	2	4
11/05/2010	MA	Jenkintown	213.03	3.9	0	0	0	0	0	2	4
05/18/2010	MA	Jenkintown	239.82	3.62	0	1	0	0	0	2	4
05/25/2010	MA	Jenkintown	230.58	3.62	0	0	0	0	0	2	4
01/06/2010	MA	Jenkintown	192.08	3.62	0	1	0	0	0	2	4
08/06/2010	MA	Jenkintown	241.41	3.9	0	0	0	0	0	2	4
06/15/2010	MA	Jenkintown	129.92	3.9	0	0	0	0	0	2	4
06/22/2010	MA	Jenkintown	186.57	3.54	0	1	0	0	0	2	4
06/29/2010	MA	Jenkintown	349.82	3.54	0	1	1	0	0	2	4
06/07/2010	MA	Jenkintown	285.29	3.13	0	0	1	1	0	2	4
07/13/2010	MA	Jenkintown	272.73	3.25	0	0	1	1	0	2	4
04/05/2010	NE	Jericho	89.82	4.86	0	0	0	0	0	2	1
11/05/2010	NE	Jericho	171.57	4.86	0	1	0	0	0	2	1
05/18/2010	NE	Jericho	197.55	4.35	0	0	0	0	0	2	1
05/25/2010	NE	Jericho	268.89	4.35	1	0	1	0	0	2	1
01/06/2010	NE	Jericho	173.21	4.15	1	0	0	1	0	2	1
08/06/2010	NE	Jericho	299.93	4.64	1	0	1	1	0	2	1
06/15/2010	NE	Jericho	244.48	4.19	1	0	0	1	0	2	1
06/22/2010	NE	Jericho	440.97	4.19	1	0	1	1	1	2	1
06/29/2010	NE	Jericho	269.93	3.94	1	1	1	1	1	2	1
06/07/2010	NE	Jericho	334.96	4.18	1	1	1	1	1	2	1
07/13/2010	NE	Jericho	357.75	4.18	1	0	1	1	1	2	1
04/05/2010	MA	Kentlands	133.17	3.9	0	0	0	0	1	4	0
11/05/2010	MA	Kentlands	228.09	3.54	0	0	0	0	1	4	0
05/18/2010	MA	Kentlands	169.67	3.34	0	1	0	0	0	4	0
05/25/2010	MA	Kentlands	182	3.5	0	0	0	0	0	4	0
01/06/2010	MA	Kentlands	249.76	3.34	0	0	0	0	0	4	0
08/06/2010	MA	Kentlands	200.28	3.54	0	1	0	0	0	4	0
06/15/2010	MA	Kentlands	203.48	3.54	0	0	0	0	0	4	0
06/22/2010	MA	Kentlands	344.8	3.54	0	0	1	0	0	4	0
06/29/2010	MA	Kentlands	266.02	3.63	0	0	1	1	0	4	0
06/07/2010	MA	Kentlands	299.91	3.13	0	0	1	1	0	4	0
07/13/2010	MA	Kentlands	332.74	3.06	0	0	1	1	0	4	0
04/05/2010	MW	Lake Calhoun (aka Minneapolis)	173.61	4.55	1	0	0	0	0	2	2
11/05/2010	MW	Lake Calhoun (aka Minneapolis)	279.77	4.02	1	0	1	0	0	2	2
05/18/2010	MW	Lake Calhoun (aka Minneapolis)	237.15	3.73	1	0	0	1	0	2	2
05/25/2010	MW	Lake Calhoun (aka Minneapolis)	253.02	3.73	1	0	1	1	0	2	2
01/06/2010	MW	Lake Calhoun (aka Minneapolis)	208.06	3.9	1	0	0	1	0	2	2
08/06/2010	MW	Lake Calhoun (aka Minneapolis)	275.4	4.1	1	0	1	1	1	2	2
06/15/2010	MW	Lake Calhoun (aka Minneapolis)	272.45	4.62	1	0	1	1	1	2	2
06/22/2010	MW	Lake Calhoun (aka Minneapolis)	257.06	4.1	1	0	1	1	1	2	2
06/29/2010	MW	Lake Calhoun (aka Minneapolis)	347.23	4.34	1	0	1	1	1	2	2
06/07/2010	MW	Lake Calhoun (aka Minneapolis)	288.62	3.68	1	1	1	1	1	2	2
07/13/2010	MW	Lake Calhoun (aka Minneapolis)	330.86	3.63	1	0	1	1	1	2	2
04/05/2010	MW	Lakeview	66.39	4.61	1	0	0	0	0	3	3
11/05/2010	MW	Lakeview	267.69	4.61	1	1	1	0	0	3	3
05/18/2010	MW	Lakeview	191.37	4	1	0	0	1	0	3	3
05/25/2010	MW	Lakeview	285.86	3.96	1	0	1	1	0	3	3
01/06/2010	MW	Lakeview	275.69	3.67	1	0	1	1	0	3	3
08/06/2010	MW	Lakeview	226.23	4.08	1	0	0	1	1	3	3
06/15/2010	MW	Lakeview	413.48	3.77	1	0	1	1	1	3	3
06/22/2010	MW	Lakeview	326.33	4.08	1	1	1	1	1	3	3
06/29/2010	MW	Lakeview	460.87	4.48	1	0	1	1	1	3	3
06/07/2010	MW	Lakeview	352.88	3.68	1	0	1	1	1	3	3
07/13/2010	MW	Lakeview	412.96	3.48	1	1	1	1	1	3	3
04/05/2010	SW	Lamar	273.49	4.39	0	0	1	0	0	1	5
11/05/2010	SW	Lamar	92.09	4.39	0	0	0	1	0	1	5
05/18/2010	SW	Lamar	213.75	3.84	0	0	0	1	0	1	5
05/25/2010	SW	Lamar	132.54	3.84	0	1	0	1	0	1	5
01/06/2010	SW	Lamar	218.03	3.94	0	1	0	0	1	1	5
08/06/2010	SW	Lamar	227.03	4.72	0	1	0	0	1	1	5
06/15/2010	SW	Lamar	85.51	4.72	0	0	0	0	0	1	5
06/22/2010	SW	Lamar	126.26	4.72	0	1	0	0	0	1	5
06/29/2010	SW	Lamar	201.42	4.72	0	1	0	0	0	1	5
06/07/2010	SW	Lamar	108.88	4.54	0	0	0	0	0	1	5
07/13/2010	SW	Lamar	206.9	4.54	0	1	0	0	0	1	5
04/05/2010	SP	Las Vegas Blvd	287.35	4	1	0	1	0	0	1	1
11/05/2010	SP	Las Vegas Blvd	296.96	4.14	1	0	1	1	0	1	1
05/18/2010	SP	Las Vegas Blvd	305.49	3.93	1	0	1	1	0	1	1
05/25/2010	SP	Las Vegas Blvd	295.2	3.89	1	0	1	1	0	1	1
01/06/2010	SP	Las Vegas Blvd	224.87	3.89	1	0	0	1	1	1	1
08/06/2010	SP	Las Vegas Blvd	212.91	4.08	1	1	0	1	1	1	1
06/15/2010	SP	Las Vegas Blvd	274.8	4.07	1	0	1	1	1	1	1
06/22/2010	SP	Las Vegas Blvd	413.59	4.14	1	0	1	1	1	1	1
06/29/2010	SP	Las Vegas Blvd	279.54	4.07	1	0	1	1	1	1	1
06/07/2010	SP	Las Vegas Blvd	250.61	3.73	1	0	1	1	0	1	1
07/13/2010	SP	Las Vegas Blvd	273.28	3.62	1	0	1	1	1	1	1
04/05/2010	NC	Los Altos	251.38	4.86	1	0	1	0	0	2	5
11/05/2010	NC	Los Altos	195.14	4.68	1	0	0	1	0	2	5
05/18/2010	NC	Los Altos	322.47	4.59	1	0	1	1	0	2	5
05/25/2010	NC	Los Altos	199.27	4.59	1	0	0	1	0	2	5
01/06/2010	NC	Los Altos	250.42	4.59	1	0	1	1	1	2	5
08/06/2010	NC	Los Altos	249.02	4.95	1	0	0	1	1	2	5
06/15/2010	NC	Los Altos	284.5	4.78	1	0	1	1	1	2	5
06/22/2010	NC	Los Altos	256.24	4.67	1	1	1	1	1	2	5
06/29/2010	NC	Los Altos	328.05	4.4	1	0	1	1	1	2	5
06/07/2010	NC	Los Altos	287.57	4.46	1	0	1	1	1	2	5
07/13/2010	NC	Los Altos	228.81	4.46	1	1	0	1	1	2	5
04/05/2010	MA	Louisville	245.8	3.97	0	1	0	0	0	5	2
11/05/2010	MA	Louisville	215.65	4.06	0	0	0	0	0	5	2
05/18/2010	MA	Louisville	138.31	3.6	0	0	0	0	0	5	2
05/25/2010	MA	Louisville	201.37	3.6	0	1	0	0	0	5	2
01/06/2010	MA	Louisville	256.99	3.6	0	0	1	0	0	5	2
08/06/2010	MA	Louisville	188.1	4.06	0	0	0	1	0	5	2
06/15/2010	MA	Louisville	124.39	4.06	0	0	0	1	0	5	2
06/22/2010	MA	Louisville	156.17	3.74	0	0	0	1	0	5	2
06/29/2010	MA	Louisville	288.23	4.06	0	0	1	0	1	5	2
06/07/2010	MA	Louisville	148.27	3.71	0	0	0	1	1	5	2
07/13/2010	MA	Louisville	142.46	3.71	0	0	0	1	0	5	2
04/05/2010	MA	Marlton	257.28	3.76	0	0	1	0	0	4	0
11/05/2010	MA	Marlton	164.28	3.52	0	0	0	1	0	4	0
05/18/2010	MA	Marlton	80.53	3.36	0	0	0	1	0	4	0
05/25/2010	MA	Marlton	271.66	3.34	0	0	1	1	0	4	0
01/06/2010	MA	Marlton	208.29	3.44	0	0	0	1	1	4	0
08/06/2010	MA	Marlton	332.28	3.51	0	0	1	1	1	4	0
06/15/2010	MA	Marlton	314.44	3.52	0	0	1	1	0	4	0
06/22/2010	MA	Marlton	305.09	3.52	0	1	1	1	1	4	0
06/29/2010	MA	Marlton	224.29	3.52	0	1	0	1	1	4	0
06/07/2010	MA	Marlton	215.48	3.06	0	0	0	1	1	4	0
07/13/2010	MA	Marlton	322.7	3.06	0	0	1	0	1	4	0
04/05/2010	RM	Metcalf	305.05	4.39	1	0	1	0	0	2	0
11/05/2010	RM	Metcalf	219.66	4.34	1	0	0	1	0	2	0
05/18/2010	RM	Metcalf	239.05	4.1	1	0	0	1	0	2	0
05/25/2010	RM	Metcalf	249.14	3.81	1	0	0	1	0	2	0
01/06/2010	RM	Metcalf	263.48	3.81	1	0	1	0	1	2	0
08/06/2010	RM	Metcalf	666.73	3.33	1	1	1	1	1	2	0
06/15/2010	RM	Metcalf	711.86	3.2	1	1	1	1	0	2	0
06/22/2010	RM	Metcalf	328.16	4.37	1	0	1	1	0	2	0
06/29/2010	RM	Metcalf	144.6	3.98	1	0	0	1	1	2	0
06/07/2010	RM	Metcalf	266.13	4.96	1	1	1	1	1	2	0
07/13/2010	RM	Metcalf	277.19	3.81	1	0	1	1	1	2	0
04/05/2010	NE	Middletown	230.5	5.29	0	0	0	0	0	3	5
11/05/2010	NE	Middletown	363.79	4.39	0	0	1	0	0	3	5
05/18/2010	NE	Middletown	268.41	4.79	0	0	1	1	0	3	5
05/25/2010	NE	Middletown	211.24	4.39	1	0	0	1	0	3	5
01/06/2010	NE	Middletown	223.08	4.79	1	0	0	1	0	3	5
08/06/2010	NE	Middletown	351.97	5.29	1	1	1	1	1	3	5
06/15/2010	NE	Middletown	168.57	5.83	1	0	0	1	1	3	5
06/22/2010	NE	Middletown	241.95	6.19	1	1	0	1	1	3	5
06/29/2010	NE	Middletown	184.86	5.59	1	1	0	1	0	3	5
06/07/2010	NE	Middletown	200.08	4.62	1	0	0	0	1	3	5
07/13/2010	NE	Middletown	181.75	4.62	1	0	0	0	1	3	5
04/05/2010	PN	Mill Plain	340.72	4.59	1	0	1	0	0	2	0
11/05/2010	PN	Mill Plain	276.88	4.9	1	1	1	1	0	2	0
05/18/2010	PN	Mill Plain	469.67	4.4	1	0	1	1	0	2	0
05/25/2010	PN	Mill Plain	207.85	4.05	1	0	0	1	0	2	0
01/06/2010	PN	Mill Plain	247.34	4.05	1	1	0	1	1	2	0
08/06/2010	PN	Mill Plain	233.35	4.45	1	0	0	1	1	2	0
06/15/2010	PN	Mill Plain	247	4.17	1	1	0	0	1	2	0
06/22/2010	PN	Mill Plain	424.7	4.45	1	0	1	0	1	2	0
06/29/2010	PN	Mill Plain	310.58	4.2	1	0	1	1	0	2	0
06/07/2010	PN	Mill Plain	347.12	3.3	1	0	1	1	0	2	0
07/13/2010	PN	Mill Plain	331.33	3.64	1	0	1	1	0	2	0
04/05/2010	MW	Milwaukee	248.87	4.17	1	0	0	0	0	4	3
11/05/2010	MW	Milwaukee	332.24	4.17	1	0	1	0	0	4	3
05/18/2010	MW	Milwaukee	309.79	3.77	1	0	1	1	0	4	3
05/25/2010	MW	Milwaukee	201.86	4	1	0	0	1	0	4	3
01/06/2010	MW	Milwaukee	245.54	3.83	1	0	0	1	0	4	3
08/06/2010	MW	Milwaukee	210.87	4.17	1	0	0	1	1	4	3
06/15/2010	MW	Milwaukee	359.96	4.21	1	1	1	0	1	4	3
06/22/2010	MW	Milwaukee	263.17	4.54	1	0	1	1	1	4	3
06/29/2010	MW	Milwaukee	370.37	4.36	1	1	1	1	0	4	3
06/07/2010	MW	Milwaukee	242.77	3.88	1	0	0	1	0	4	3
07/13/2010	MW	Milwaukee	375.25	3.88	1	1	1	1	1	4	3
04/05/2010	MA	Mount Washington	237.72	3.9	0	1	0	0	0	1	0
11/05/2010	MA	Mount Washington	149.32	3.9	0	1	0	0	0	1	0
05/18/2010	MA	Mount Washington	103.9	3.62	0	0	0	0	0	1	0
05/25/2010	MA	Mount Washington	141.21	3.62	0	1	0	0	0	1	0
01/06/2010	MA	Mount Washington	216.53	3.62	0	1	0	0	0	1	0
08/06/2010	MA	Mount Washington	352.43	3.9	0	1	1	0	0	1	0
06/15/2010	MA	Mount Washington	186.67	3.9	0	1	0	1	0	1	0
06/22/2010	MA	Mount Washington	290.78	3.9	0	1	1	1	0	1	0
06/29/2010	MA	Mount Washington	273.34	3.9	0	0	1	1	0	1	0
06/07/2010	MA	Mount Washington	299.31	3.61	0	0	1	1	1	1	0
07/13/2010	MA	Mount Washington	249.27	3.61	0	0	0	1	1	1	0
04/05/2010	SO	Mountain Brook	233.72	3.99	0	1	0	0	0	2	1
11/05/2010	SO	Mountain Brook	149.62	4.04	0	1	0	0	0	2	1
05/18/2010	SO	Mountain Brook	164.89	3.85	0	0	0	0	0	2	1
05/25/2010	SO	Mountain Brook	212.59	3.85	0	1	0	0	0	2	1
01/06/2010	SO	Mountain Brook	224	3.76	0	1	0	0	0	2	1
08/06/2010	SO	Mountain Brook	265.76	3.67	0	1	1	0	0	2	1
06/15/2010	SO	Mountain Brook	157.26	3.6	0	1	0	1	0	2	1
06/22/2010	SO	Mountain Brook	178.69	4.17	0	1	0	1	0	2	1
06/29/2010	SO	Mountain Brook	277.62	5.1	0	1	1	1	0	2	1
06/07/2010	SO	Mountain Brook	325.65	3.49	0	0	1	1	1	2	1
07/13/2010	SO	Mountain Brook	231.02	3.5	0	1	0	1	1	2	1
04/05/2010	NC	Napa	253.62	4.62	1	0	1	0	0	4	2
11/05/2010	NC	Napa	321.75	4.62	1	0	1	1	0	4	2
05/18/2010	NC	Napa	231.57	4.29	1	1	0	1	0	4	2
05/25/2010	NC	Napa	183.85	4.29	1	0	0	1	0	4	2
01/06/2010	NC	Napa	228.74	4.29	1	1	0	1	1	4	2
08/06/2010	NC	Napa	234.03	4.62	1	0	0	0	1	4	2
06/15/2010	NC	Napa	294.77	4.64	1	0	1	0	1	4	2
06/22/2010	NC	Napa	204.08	4.64	1	0	0	1	0	4	2
06/29/2010	NC	Napa	276.72	4.64	1	1	1	1	0	4	2
06/07/2010	NC	Napa	209.42	4.47	1	0	0	1	0	4	2
07/13/2010	NC	Napa	250.02	4.43	1	0	1	1	1	4	2
04/05/2010	MW	New Lincoln Park (aka Lincoln Park)	157.73	4.55	1	0	0	0	0	3	5
11/05/2010	MW	New Lincoln Park (aka Lincoln Park)	301.31	4.86	1	1	1	0	0	3	5
05/18/2010	MW	New Lincoln Park (aka Lincoln Park)	238.59	4.14	1	0	0	1	0	3	5
05/25/2010	MW	New Lincoln Park (aka Lincoln Park)	315.89	4.14	1	0	1	1	0	3	5
01/06/2010	MW	New Lincoln Park (aka Lincoln Park)	220.1	4.14	1	0	0	1	0	3	5
08/06/2010	MW	New Lincoln Park (aka Lincoln Park)	368.08	4.34	1	0	1	1	1	3	5
06/15/2010	MW	New Lincoln Park (aka Lincoln Park)	325.73	4.1	1	0	1	1	1	3	5
06/22/2010	MW	New Lincoln Park (aka Lincoln Park)	379.69	4.12	1	0	1	1	1	3	5
06/29/2010	MW	New Lincoln Park (aka Lincoln Park)	348.66	4.09	1	1	1	1	1	3	5
06/07/2010	MW	New Lincoln Park (aka Lincoln Park)	416.25	3.95	1	0	1	1	1	3	5
07/13/2010	MW	New Lincoln Park (aka Lincoln Park)	471.98	3.95	1	0	1	1	1	3	5
04/05/2010	NP	Newtonville	221.57	4.24	0	0	0	0	0	3	4
11/05/2010	NP	Newtonville	202.83	4.24	0	0	0	0	0	3	4
05/18/2010	NP	Newtonville	208.25	4.07	0	0	0	0	0	3	4
05/25/2010	NP	Newtonville	129.62	3.86	0	0	0	0	0	3	4
01/06/2010	NP	Newtonville	145.56	4.07	0	1	0	0	0	3	4
08/06/2010	NP	Newtonville	206.06	4.72	0	1	0	0	0	3	4
06/15/2010	NP	Newtonville	164.6	4.84	0	0	0	0	0	3	4
06/22/2010	NP	Newtonville	181.2	4.72	0	0	0	0	0	3	4
06/29/2010	NP	Newtonville	231.44	4.72	0	1	0	0	0	3	4
06/07/2010	NP	Newtonville	47.56	4.29	0	0	0	0	0	3	4
07/13/2010	NP	Newtonville	222.81	3.42	0	0	0	0	0	3	4
04/05/2010	MW	Northbrook	359.43	3.5	1	1	1	0	0	3	3
11/05/2010	MW	Northbrook	262	3.5	1	1	1	1	0	3	3
05/18/2010	MW	Northbrook	247	3.51	1	1	0	1	0	3	3
05/25/2010	MW	Northbrook	232.13	3.49	1	0	0	1	0	3	3
01/06/2010	MW	Northbrook	284.23	3.65	1	0	1	1	1	3	3
08/06/2010	MW	Northbrook	329.25	2.94	1	0	1	1	1	3	3
06/15/2010	MW	Northbrook	373.44	2.9	1	1	1	1	1	3	3
06/22/2010	MW	Northbrook	335.26	3.39	1	1	1	1	0	3	3
06/29/2010	MW	Northbrook	408.44	3.08	1	1	1	1	1	3	3
06/07/2010	MW	Northbrook	341.32	3.69	1	0	1	1	1	3	3
07/13/2010	MW	Northbrook	324.48	3.36	1	0	1	1	1	3	3
04/05/2010	MA	Old Town	113.51	3.9	0	0	0	0	0	2	4
11/05/2010	MA	Old Town	267.53	3.54	0	0	1	0	0	2	4
05/18/2010	MA	Old Town	175.83	3.34	0	1	0	1	0	2	4
05/25/2010	MA	Old Town	235.57	3.41	0	0	0	1	0	2	4
01/06/2010	MA	Old Town	151.34	3.34	0	1	0	1	0	2	4
08/06/2010	MA	Old Town	211.42	3.63	0	1	0	0	1	2	4
06/15/2010	MA	Old Town	272.3	3.54	0	0	1	0	1	2	4
06/22/2010	MA	Old Town	163.03	3.54	0	1	0	1	0	2	4
06/29/2010	MA	Old Town	170.96	3.54	0	0	0	1	0	2	4
06/07/2010	MA	Old Town	176.15	3.13	0	1	0	1	0	2	4
07/13/2010	MA	Old Town	145.65	3.13	0	1	0	0	1	2	4
04/05/2010	MA	P Street	136.57	4.13	0	1	0	0	0	2	4
11/05/2010	MA	P Street	274.91	3.54	0	1	1	0	0	2	4
05/18/2010	MA	P Street	201.69	3.6	0	1	0	1	0	2	4
05/25/2010	MA	P Street	173.89	3.6	0	0	0	1	0	2	4
01/06/2010	MA	P Street	253.96	3.6	0	1	1	1	0	2	4
08/06/2010	MA	P Street	236.75	4.06	0	0	0	1	1	2	4
06/15/2010	MA	P Street	269.81	4.06	0	0	1	1	1	2	4
06/22/2010	MA	P Street	348.93	4.06	0	0	1	1	0	2	4
06/29/2010	MA	P Street	243.09	4.06	0	1	0	1	1	2	4
06/07/2010	MA	P Street	273.53	3.71	0	0	1	1	1	2	4
07/13/2010	MA	P Street	286.31	3.71	0	0	1	1	1	2	4
04/05/2010	SP	Pacific Coast Highway (aka El Segundo)	274.49	4.52	1	0	1	0	0	2	1
11/05/2010	SP	Pacific Coast Highway (aka El Segundo)	215.18	4.62	1	0	0	1	0	2	1
05/18/2010	SP	Pacific Coast Highway (aka El Segundo)	359.24	4.37	1	1	1	1	0	2	1
05/25/2010	SP	Pacific Coast Highway (aka El Segundo)	184.33	4.34	1	0	0	1	0	2	1
01/06/2010	SP	Pacific Coast Highway (aka El Segundo)	232.62	4.1	1	0	0	1	1	2	1
08/06/2010	SP	Pacific Coast Highway (aka El Segundo)	223.71	4.55	1	0	0	1	1	2	1
06/15/2010	SP	Pacific Coast Highway (aka El Segundo)	219.07	4.62	1	0	0	0	1	2	1
06/22/2010	SP	Pacific Coast Highway (aka El Segundo)	367.81	4.62	1	0	1	0	1	2	1
06/29/2010	SP	Pacific Coast Highway (aka El Segundo)	364.88	4.62	1	0	1	1	0	2	1
06/07/2010	SP	Pacific Coast Highway (aka El Segundo)	301.49	4.28	1	1	1	1	0	2	1
07/13/2010	SP	Pacific Coast Highway (aka El Segundo)	430.64	4.27	1	1	1	1	0	2	1
04/05/2010	MW	Palatine	226.84	4.19	1	0	0	0	0	2	5
11/05/2010	MW	Palatine	319.37	4.17	1	0	1	0	0	2	5
05/18/2010	MW	Palatine	279.94	3.77	1	0	1	1	0	2	5
05/25/2010	MW	Palatine	197.51	3.77	1	1	0	1	0	2	5
01/06/2010	MW	Palatine	280.71	3.69	1	1	1	1	0	2	5
08/06/2010	MW	Palatine	220.51	3.81	1	0	0	1	1	2	5
06/15/2010	MW	Palatine	270.49	4.08	1	0	1	0	1	2	5
06/22/2010	MW	Palatine	350.24	3.82	1	1	1	1	1	2	5
06/29/2010	MW	Palatine	320.68	4.22	1	0	1	1	0	2	5
06/07/2010	MW	Palatine	270.88	3.74	1	0	1	1	0	2	5
07/13/2010	MW	Palatine	373.01	3.44	1	1	1	1	1	2	5
04/05/2010	FL	Palm Beach Gardens	179.03	4.56	0	1	0	0	0	2	4
11/05/2010	FL	Palm Beach Gardens	238.28	4.21	0	1	0	0	0	2	4
05/18/2010	FL	Palm Beach Gardens	163.1	4.06	0	1	0	0	0	2	4
05/25/2010	FL	Palm Beach Gardens	239.58	4.06	0	1	0	0	0	2	4
01/06/2010	FL	Palm Beach Gardens	204.93	4.06	0	1	0	0	0	2	4
08/06/2010	FL	Palm Beach Gardens	156.41	4.38	0	0	0	0	0	2	4
06/15/2010	FL	Palm Beach Gardens	242.69	4.47	0	0	0	0	0	2	4
06/22/2010	FL	Palm Beach Gardens	239.12	4.47	0	1	0	0	0	2	4
06/29/2010	FL	Palm Beach Gardens	199.01	4.1	0	0	0	0	0	2	4
06/07/2010	FL	Palm Beach Gardens	107.13	4.19	0	0	0	0	0	2	4
07/13/2010	FL	Palm Beach Gardens	241.64	4.37	0	0	0	0	0	2	4
04/05/2010	SW	Parkway (aka Arlington)	131.67	3.99	0	0	0	0	0	3	1
11/05/2010	SW	Parkway (aka Arlington)	140.28	3.99	0	1	0	0	0	3	1
05/18/2010	SW	Parkway (aka Arlington)	187.4	3.74	0	1	0	0	0	3	1
05/25/2010	SW	Parkway (aka Arlington)	190.11	3.74	0	1	0	0	0	3	1
01/06/2010	SW	Parkway (aka Arlington)	148.67	3.74	0	0	0	0	0	3	1
08/06/2010	SW	Parkway (aka Arlington)	174.01	4.43	0	0	0	0	0	3	1
06/15/2010	SW	Parkway (aka Arlington)	230.17	3.99	0	0	0	0	0	3	1
06/22/2010	SW	Parkway (aka Arlington)	103.6	3.99	0	0	0	0	0	3	1
06/29/2010	SW	Parkway (aka Arlington)	181.25	3.99	0	0	0	0	0	3	1
06/07/2010	SW	Parkway (aka Arlington)	134.43	4.59	0	1	0	0	0	3	1
07/13/2010	SW	Parkway (aka Arlington)	143.39	4.59	0	0	0	0	0	3	1
04/05/2010	SP	Pasadena	299.2	4.89	1	0	1	0	0	3	3
11/05/2010	SP	Pasadena	268.37	4.57	1	0	1	1	0	3	3
05/18/2010	SP	Pasadena	198.95	4.75	1	0	0	1	0	3	3
05/25/2010	SP	Pasadena	199.74	4.27	1	0	0	1	0	3	3
01/06/2010	SP	Pasadena	285.3	4.52	1	0	1	1	1	3	3
08/06/2010	SP	Pasadena	199.94	4.25	1	0	0	1	1	3	3
06/15/2010	SP	Pasadena	162.82	4.79	1	1	0	1	1	3	3
06/22/2010	SP	Pasadena	289.62	4.61	1	0	1	1	0	3	3
06/29/2010	SP	Pasadena	347.11	4.58	1	0	1	1	1	3	3
06/07/2010	SP	Pasadena	299.17	4.2	1	0	1	1	1	3	3
07/13/2010	SP	Pasadena	318.75	4.27	1	0	1	1	0	3	3
04/05/2010	RM	Pearl	153.98	5.02	1	0	0	0	0	2	2
11/05/2010	RM	Pearl	232.91	5.02	1	0	0	0	0	2	2
05/18/2010	RM	Pearl	308.28	4.46	1	0	1	0	0	2	2
05/25/2010	RM	Pearl	272.21	5.01	1	0	1	1	0	2	2
01/06/2010	RM	Pearl	355.87	4.88	1	0	1	1	0	2	2
08/06/2010	RM	Pearl	337.18	4.83	1	0	1	1	0	2	2
06/15/2010	RM	Pearl	361.36	5.23	1	1	1	1	1	2	2
06/22/2010	RM	Pearl	1041.2	4.08	1	1	1	1	1	2	2
06/29/2010	RM	Pearl	753.39	4.08	1	1	1	1	1	2	2
06/07/2010	RM	Pearl	192.08	4.75	1	0	0	1	1	2	2
07/13/2010	RM	Pearl	390.64	4.15	1	0	1	1	1	2	2
04/05/2010	NC	Petaluma	312.6	4.68	1	1	1	0	0	3	5
11/05/2010	NC	Petaluma	267.8	4.68	1	1	1	1	0	3	5
05/18/2010	NC	Petaluma	293.29	4.59	1	0	1	1	0	3	5
05/25/2010	NC	Petaluma	313.51	4.59	1	1	1	1	0	3	5
01/06/2010	NC	Petaluma	299.49	4.59	1	0	1	1	1	3	5
08/06/2010	NC	Petaluma	277.55	4.97	1	0	1	1	1	3	5
06/15/2010	NC	Petaluma	298.4	4.93	1	0	1	1	1	3	5
06/22/2010	NC	Petaluma	338.87	4.93	1	0	1	1	1	3	5
06/29/2010	NC	Petaluma	188.77	4.94	1	0	0	1	1	3	5
06/07/2010	NC	Petaluma	337.01	4.79	1	0	1	1	1	3	5
07/13/2010	NC	Petaluma	268.17	4.79	1	0	1	1	1	3	5
04/05/2010	MA	Philadelphia	156.63	3.9	0	0	0	0	0	5	2
11/05/2010	MA	Philadelphia	170.64	3.63	0	0	0	0	0	5	2
05/18/2010	MA	Philadelphia	186.4	3.34	0	1	0	0	0	5	2
05/25/2010	MA	Philadelphia	250.88	3.41	0	1	1	0	0	5	2
01/06/2010	MA	Philadelphia	199.69	3.4	0	0	0	1	0	5	2
08/06/2010	MA	Philadelphia	148.63	3.9	0	0	0	1	0	5	2
06/15/2010	MA	Philadelphia	320.94	3.9	0	0	1	1	0	5	2
06/22/2010	MA	Philadelphia	187.73	3.9	0	1	0	1	1	5	2
06/29/2010	MA	Philadelphia	235.13	3.9	0	0	0	1	1	5	2
06/07/2010	MA	Philadelphia	215.64	3.61	0	0	0	1	0	5	2
07/13/2010	MA	Philadelphia	215.03	3.61	0	0	0	0	1	5	2
04/05/2010	RM	Pike's Peak	256.29	4.5	1	1	1	0	0	3	4
11/05/2010	RM	Pike's Peak	184.68	5.48	1	0	0	1	0	3	4
05/18/2010	RM	Pike's Peak	259.95	4.29	1	0	1	1	0	3	4
05/25/2010	RM	Pike's Peak	325.84	4.06	1	0	1	1	0	3	4
01/06/2010	RM	Pike's Peak	291.77	4.03	1	0	1	1	1	3	4
08/06/2010	RM	Pike's Peak	126.72	6.25	1	0	0	1	1	3	4
06/15/2010	RM	Pike's Peak	206.7	5.67	1	1	0	1	1	3	4
06/22/2010	RM	Pike's Peak	201.98	5.67	1	0	0	1	1	3	4
06/29/2010	RM	Pike's Peak	303.2	3.85	1	0	1	0	1	3	4
06/07/2010	RM	Pike's Peak	342.46	4.14	1	0	1	1	1	3	4
07/13/2010	RM	Pike's Peak	189.92	4.14	1	1	0	1	0	3	4
04/05/2010	SW	Plano	136.51	3.99	0	1	0	0	0	2	1
11/05/2010	SW	Plano	221.58	3.99	0	0	0	0	0	2	1
05/18/2010	SW	Plano	231.25	3.78	0	1	0	0	0	2	1
05/25/2010	SW	Plano	136.01	3.78	0	1	0	0	0	2	1
01/06/2010	SW	Plano	213.82	3.7	0	0	0	0	0	2	1
08/06/2010	SW	Plano	155.72	3.99	0	1	0	0	0	2	1
06/15/2010	SW	Plano	196.58	3.99	0	1	0	0	0	2	1
06/22/2010	SW	Plano	147.89	3.99	0	0	0	0	0	2	1
06/29/2010	SW	Plano	218.22	3.99	0	1	0	0	0	2	1
06/07/2010	SW	Plano	182.41	3.78	0	0	0	0	0	2	1
07/13/2010	SW	Plano	114.83	3.78	0	1	0	0	0	2	1
04/05/2010	FL	Plantation	201.31	4.39	0	1	0	0	0	3	5
11/05/2010	FL	Plantation	132.3	4.39	0	1	0	0	0	3	5
05/18/2010	FL	Plantation	165.57	4.01	0	0	0	0	0	3	5
05/25/2010	FL	Plantation	191.7	3.81	0	1	0	0	0	3	5
01/06/2010	FL	Plantation	182.74	4.15	0	0	0	0	0	3	5
08/06/2010	FL	Plantation	209.1	4.36	0	1	0	0	0	3	5
06/15/2010	FL	Plantation	239.34	4.36	0	1	0	0	0	3	5
06/22/2010	FL	Plantation	137.87	4.12	0	0	0	0	0	3	5
06/29/2010	FL	Plantation	238.4	4.34	0	1	0	0	0	3	5
06/07/2010	FL	Plantation	237.23	4.09	0	1	0	0	0	3	5
07/13/2010	FL	Plantation	111.45	4.09	0	0	0	0	0	3	5
04/05/2010	SO	Ponce de Lyon	196.79	4.05	0	1	0	0	0	3	2
11/05/2010	SO	Ponce de Lyon	146.21	3.74	0	1	0	0	0	3	2
05/18/2010	SO	Ponce de Lyon	139.55	3.64	0	0	0	0	0	3	2
05/25/2010	SO	Ponce de Lyon	72.63	3.55	0	0	0	0	0	3	2
01/06/2010	SO	Ponce de Lyon	234.86	3.55	0	1	0	0	0	3	2
08/06/2010	SO	Ponce de Lyon	236.29	3.75	0	0	0	0	0	3	2
06/15/2010	SO	Ponce de Lyon	141.78	3.75	0	1	0	0	0	3	2
06/22/2010	SO	Ponce de Lyon	232.58	3.85	0	1	0	0	0	3	2
06/29/2010	SO	Ponce de Lyon	168.75	3.92	0	0	0	0	0	3	2
06/07/2010	SO	Ponce de Lyon	232.51	3.5	0	1	0	0	0	3	2
07/13/2010	SO	Ponce de Lyon	247.61	3.5	0	0	0	0	0	3	2
04/05/2010	NP	Portland ME (aka Portland)	148.4	4.63	0	0	0	0	0	1	4
11/05/2010	NP	Portland ME (aka Portland)	182.43	4.63	0	0	0	0	0	1	4
05/18/2010	NP	Portland ME (aka Portland)	178.36	4.07	0	1	0	0	0	1	4
05/25/2010	NP	Portland ME (aka Portland)	172.82	4.07	0	1	0	0	0	1	4
01/06/2010	NP	Portland ME (aka Portland)	306.85	4.07	0	1	1	0	0	1	4
08/06/2010	NP	Portland ME (aka Portland)	172.19	4.63	0	1	0	1	0	1	4
06/15/2010	NP	Portland ME (aka Portland)	198.38	4.63	0	0	0	1	0	1	4
06/22/2010	NP	Portland ME (aka Portland)	142.52	4.63	0	0	0	1	0	1	4
06/29/2010	NP	Portland ME (aka Portland)	192.35	4.63	0	1	0	0	1	1	4
06/07/2010	NP	Portland ME (aka Portland)	241.55	4.26	0	0	0	0	1	1	4
07/13/2010	NP	Portland ME (aka Portland)	292.16	3.78	0	1	1	0	0	1	4
04/05/2010	MA	Princeton	163.58	4.14	0	1	0	0	0	1	3
11/05/2010	MA	Princeton	240.14	3.74	0	0	0	0	0	1	3
05/18/2010	MA	Princeton	173.96	3.66	0	0	0	0	0	1	3
05/25/2010	MA	Princeton	208.73	3.34	0	0	0	0	0	1	3
01/06/2010	MA	Princeton	241.91	3.48	0	0	0	0	0	1	3
08/06/2010	MA	Princeton	199.37	3.74	0	0	0	0	0	1	3
06/15/2010	MA	Princeton	128.16	3.74	0	0	0	0	0	1	3
06/22/2010	MA	Princeton	294.96	3.74	0	1	1	0	0	1	3
06/29/2010	MA	Princeton	174.59	3.83	0	0	0	1	0	1	3
06/07/2010	MA	Princeton	336.47	3.36	0	0	1	1	0	1	3
07/13/2010	MA	Princeton	307.94	3.36	0	1	1	1	0	1	3
04/05/2010	PN	Redmond	219.48	4.22	1	0	0	0	0	3	3
11/05/2010	PN	Redmond	218.55	4.22	1	0	0	0	0	3	3
05/18/2010	PN	Redmond	214.92	4.09	1	0	0	0	0	3	3
05/25/2010	PN	Redmond	221.33	3.79	1	1	0	0	0	3	3
01/06/2010	PN	Redmond	195.68	3.7	1	0	0	0	0	3	3
08/06/2010	PN	Redmond	218.68	4.22	1	0	0	0	0	3	3
06/15/2010	PN	Redmond	652.76	3.73	1	1	1	0	0	3	3
06/22/2010	PN	Redmond	891.08	3.59	1	1	1	1	0	3	3
06/29/2010	PN	Redmond	926.09	3.27	1	1	1	1	0	3	3
06/07/2010	PN	Redmond	787.33	3.36	1	1	1	1	0	3	3
07/13/2010	PN	Redmond	784.79	3.36	1	1	1	1	1	3	3
04/05/2010	NC	Redwood City	234.37	4.87	1	0	0	0	0	4	4
11/05/2010	NC	Redwood City	316.1	4.79	1	0	1	0	0	4	4
05/18/2010	NC	Redwood City	318.2	4.19	1	0	1	1	0	4	4
05/25/2010	NC	Redwood City	239.79	4.19	1	0	0	1	0	4	4
01/06/2010	NC	Redwood City	207.65	4.43	1	0	0	1	0	4	4
08/06/2010	NC	Redwood City	188.49	4.9	1	0	0	1	1	4	4
06/15/2010	NC	Redwood City	792.52	4.47	1	1	1	0	1	4	4
06/22/2010	NC	Redwood City	798.55	4.28	1	1	1	1	1	4	4
06/29/2010	NC	Redwood City	836.32	4.28	1	1	1	1	0	4	4
06/07/2010	NC	Redwood City	756.36	4.72	1	1	1	1	0	4	4
07/13/2010	NC	Redwood City	726.37	4.73	1	1	1	1	1	4	4
04/05/2010	MW	Regency (aka Omaha)	180.49	3.83	1	0	0	0	0	4	5
11/05/2010	MW	Regency (aka Omaha)	224.63	3.77	1	0	0	0	0	4	5
05/18/2010	MW	Regency (aka Omaha)	213.24	3.6	1	0	0	0	0	4	5
05/25/2010	MW	Regency (aka Omaha)	184.03	3.54	1	0	0	0	0	4	5
01/06/2010	MW	Regency (aka Omaha)	264.33	3.64	1	0	1	0	0	4	5
08/06/2010	MW	Regency (aka Omaha)	239.65	3.84	1	0	0	1	0	4	5
06/15/2010	MW	Regency (aka Omaha)	334.02	3.79	1	1	1	1	0	4	5
06/22/2010	MW	Regency (aka Omaha)	203.48	3.77	1	0	0	1	0	4	5
06/29/2010	MW	Regency (aka Omaha)	243.96	3.72	1	0	0	1	1	4	5
06/07/2010	MW	Regency (aka Omaha)	277.35	3.3	1	0	1	1	1	4	5
07/13/2010	MW	Regency (aka Omaha)	337.16	3.3	1	0	1	1	1	4	5
04/05/2010	NP	River Street	162.85	4.16	0	1	0	0	0	2	1
11/05/2010	NP	River Street	215.7	4.12	0	0	0	0	0	2	1
05/18/2010	NP	River Street	241.18	3.82	0	0	0	0	0	2	1
05/25/2010	NP	River Street	127.7	3.82	0	1	0	0	0	2	1
01/06/2010	NP	River Street	101.57	3.82	0	0	0	0	0	2	1
08/06/2010	NP	River Street	176.67	4.16	0	1	0	0	0	2	1
06/15/2010	NP	River Street	198.15	4.16	0	0	0	0	0	2	1
06/22/2010	NP	River Street	197.21	4.16	0	0	0	0	0	2	1
06/29/2010	NP	River Street	119.29	4.16	0	0	0	0	0	2	1
06/07/2010	NP	River Street	265.37	3.78	0	1	1	0	0	2	1
07/13/2010	NP	River Street	125.21	3.78	0	0	0	1	0	2	1
04/05/2010	MA	Rockville	171.97	3.9	0	1	0	0	0	2	4
11/05/2010	MA	Rockville	254.5	3.9	0	0	1	0	0	2	4
05/18/2010	MA	Rockville	169.6	3.34	0	1	0	1	0	2	4
05/25/2010	MA	Rockville	128.24	3.34	0	0	0	1	0	2	4
01/06/2010	MA	Rockville	220.52	3.34	0	1	0	1	0	2	4
08/06/2010	MA	Rockville	262.89	3.54	0	1	1	0	1	2	4
06/15/2010	MA	Rockville	309.22	3.54	0	0	1	1	1	2	4
06/22/2010	MA	Rockville	243.57	3.54	0	1	0	1	0	2	4
06/29/2010	MA	Rockville	234.53	3.54	0	1	0	1	0	2	4
06/07/2010	MA	Rockville	323.55	3.13	0	0	1	1	0	2	4
07/13/2010	MA	Rockville	298.39	3.13	0	0	1	1	1	2	4
04/05/2010	PN	Roosevelt Square	304.47	4.52	1	0	1	0	0	4	2
11/05/2010	PN	Roosevelt Square	300.73	4.49	1	1	1	1	0	4	2
05/18/2010	PN	Roosevelt Square	222.53	4.41	1	0	0	1	0	4	2
05/25/2010	PN	Roosevelt Square	189.4	4.41	1	1	0	1	0	4	2
01/06/2010	PN	Roosevelt Square	207.18	4.2	1	0	0	1	1	4	2
08/06/2010	PN	Roosevelt Square	273.18	4.45	1	0	1	0	1	4	2
06/15/2010	PN	Roosevelt Square	130.91	4.45	1	1	0	1	1	4	2
06/22/2010	PN	Roosevelt Square	824.64	4.34	1	1	1	1	0	4	2
06/29/2010	PN	Roosevelt Square	885.81	3.73	1	1	1	1	0	4	2
06/07/2010	PN	Roosevelt Square	703	3.71	1	1	1	1	1	4	2
07/13/2010	PN	Roosevelt Square	772.21	3.71	1	1	1	1	1	4	2
04/05/2010	NE	Rose City	154.7	4.73	0	1	0	0	0	2	5
11/05/2010	NE	Rose City	120.08	4.03	0	1	0	0	0	2	5
05/18/2010	NE	Rose City	284.83	3.67	0	1	1	0	0	2	5
05/25/2010	NE	Rose City	248.17	3.67	1	0	0	1	0	2	5
01/06/2010	NE	Rose City	278.15	3.79	1	0	1	1	0	2	5
08/06/2010	NE	Rose City	275.66	4.03	1	0	1	1	0	2	5
06/15/2010	NE	Rose City	325.04	3.63	1	0	1	1	1	2	5
06/22/2010	NE	Rose City	336.94	4.03	1	0	1	1	1	2	5
06/29/2010	NE	Rose City	304.84	4.21	1	0	1	1	1	2	5
06/07/2010	NE	Rose City	257.53	4.02	1	0	1	1	1	2	5
07/13/2010	NE	Rose City	280.5	4.02	1	0	1	1	1	2	5
04/05/2010	NC	Roseville	285.52	4.62	1	0	1	0	0	3	1
11/05/2010	NC	Roseville	289.12	4.68	1	0	1	1	0	3	1
05/18/2010	NC	Roseville	311.48	4.06	1	0	1	1	0	3	1
05/25/2010	NC	Roseville	260.14	4.06	1	1	1	1	0	3	1
01/06/2010	NC	Roseville	301.97	4.29	1	1	1	1	1	3	1
08/06/2010	NC	Roseville	301.02	4.6	1	1	1	1	1	3	1
06/15/2010	NC	Roseville	223.21	4.32	1	0	0	1	1	3	1
06/22/2010	NC	Roseville	246.45	4.6	1	1	0	1	1	3	1
06/29/2010	NC	Roseville	223.33	4.11	1	0	0	1	1	3	1
06/07/2010	NC	Roseville	276.78	3.96	1	1	1	0	1	3	1
07/13/2010	NC	Roseville	268.59	3.96	1	0	1	1	1	3	1
04/05/2010	NC	Sacramento	287.8	4.59	1	0	1	0	0	4	0
11/05/2010	NC	Sacramento	280.22	4.59	1	1	1	1	0	4	0
05/18/2010	NC	Sacramento	314.64	3.9	1	1	1	1	0	4	0
05/25/2010	NC	Sacramento	223.71	4.19	1	0	0	1	0	4	0
01/06/2010	NC	Sacramento	192.68	3.9	1	0	0	1	1	4	0
08/06/2010	NC	Sacramento	169.33	4.22	1	0	0	1	1	4	0
06/15/2010	NC	Sacramento	249.79	4.53	1	0	0	0	1	4	0
06/22/2010	NC	Sacramento	159.1	4.56	1	0	0	0	1	4	0
06/29/2010	NC	Sacramento	226.9	4.18	1	0	0	0	0	4	0
06/07/2010	NC	Sacramento	252.18	3.99	1	0	1	0	0	4	0
07/13/2010	NC	Sacramento	284.16	3.99	1	0	1	1	0	4	0
04/05/2010	NC	San Mateo	274.47	4.87	1	0	1	0	0	2	3
11/05/2010	NC	San Mateo	306.91	4.87	1	0	1	1	0	2	3
05/18/2010	NC	San Mateo	367.71	4.55	1	0	1	1	0	2	3
05/25/2010	NC	San Mateo	276.85	4.55	1	1	1	1	0	2	3
01/06/2010	NC	San Mateo	196.71	4.55	1	1	0	1	1	2	3
08/06/2010	NC	San Mateo	231.29	4.62	1	1	0	1	1	2	3
06/15/2010	NC	San Mateo	265.9	4.94	1	1	1	1	1	2	3
06/22/2010	NC	San Mateo	312.81	4.86	1	1	1	1	1	2	3
06/29/2010	NC	San Mateo	244.9	4.86	1	0	0	1	1	2	3
06/07/2010	NC	San Mateo	206.6	4.73	1	1	0	1	0	2	3
07/13/2010	NC	San Mateo	325.83	4.73	1	0	1	1	1	2	3
04/05/2010	NC	San Rafael	271.99	4.79	1	0	1	0	0	2	1
11/05/2010	NC	San Rafael	211.82	4.79	1	1	0	1	0	2	1
05/18/2010	NC	San Rafael	296.29	4.48	1	0	1	1	0	2	1
05/25/2010	NC	San Rafael	351.67	4.48	1	0	1	1	0	2	1
01/06/2010	NC	San Rafael	480.66	4.48	1	0	1	1	1	2	1
08/06/2010	NC	San Rafael	405.28	4.89	1	1	1	1	1	2	1
06/15/2010	NC	San Rafael	320.55	4.86	1	0	1	1	1	2	1
06/22/2010	NC	San Rafael	508.4	4.6	1	0	1	1	1	2	1
06/29/2010	NC	San Rafael	298.11	4.86	1	0	1	1	1	2	1
06/07/2010	NC	San Rafael	371.03	4.73	1	1	1	1	1	2	1
07/13/2010	NC	San Rafael	395.27	4.73	1	0	1	1	1	2	1
04/05/2010	NC	San Ramon	269.89	4.64	1	1	1	0	0	3	4
11/05/2010	NC	San Ramon	184.35	4.64	1	0	0	1	0	3	4
05/18/2010	NC	San Ramon	246.55	4.3	1	1	0	1	0	3	4
05/25/2010	NC	San Ramon	274.78	4.19	1	0	1	1	0	3	4
01/06/2010	NC	San Ramon	200.09	4.12	1	0	0	1	1	3	4
08/06/2010	NC	San Ramon	265.84	4.79	1	1	1	1	1	3	4
06/15/2010	NC	San Ramon	203.94	4.79	1	0	0	1	0	3	4
06/22/2010	NC	San Ramon	253.77	4.9	1	0	1	1	1	3	4
06/29/2010	NC	San Ramon	294.93	4.62	1	0	1	1	1	3	4
06/07/2010	NC	San Ramon	191.14	4.47	1	0	0	1	1	3	4
07/13/2010	NC	San Ramon	199.48	4.43	1	0	0	1	1	3	4
04/05/2010	NC	Santa Cruz	367.88	4.36	1	0	1	0	0	4	4
11/05/2010	NC	Santa Cruz	341.21	4.47	1	0	1	1	0	4	4
05/18/2010	NC	Santa Cruz	244.49	4.06	1	0	0	1	0	4	4
05/25/2010	NC	Santa Cruz	216.82	4.06	1	0	0	1	0	4	4
01/06/2010	NC	Santa Cruz	213.29	4.06	1	0	0	1	1	4	4
08/06/2010	NC	Santa Cruz	272.76	4.27	1	0	1	0	1	4	4
06/15/2010	NC	Santa Cruz	305.21	4.18	1	0	1	1	1	4	4
06/22/2010	NC	Santa Cruz	267.97	3.61	1	1	1	1	0	4	4
06/29/2010	NC	Santa Cruz	262.37	3.67	1	0	1	1	0	4	4
06/07/2010	NC	Santa Cruz	245.13	3.67	1	0	0	1	1	4	4
07/13/2010	NC	Santa Cruz	301.27	3.48	1	1	1	1	1	4	4
04/05/2010	NC	Santa Rosa	213.96	4.66	1	0	0	0	0	2	1
11/05/2010	NC	Santa Rosa	222.4	4.67	1	0	0	0	0	2	1
05/18/2010	NC	Santa Rosa	347.52	4.24	1	0	1	0	0	2	1
05/25/2010	NC	Santa Rosa	380.6	4.57	1	0	1	1	0	2	1
01/06/2010	NC	Santa Rosa	341.87	4.57	1	0	1	1	0	2	1
08/06/2010	NC	Santa Rosa	357.3	4.62	1	0	1	1	0	2	1
06/15/2010	NC	Santa Rosa	278.12	4.93	1	0	1	1	1	2	1
06/22/2010	NC	Santa Rosa	284.43	4.93	1	0	1	1	1	2	1
06/29/2010	NC	Santa Rosa	260.2	4.94	1	1	1	1	1	2	1
06/07/2010	NC	Santa Rosa	320.31	4.73	1	0	1	1	1	2	1
07/13/2010	NC	Santa Rosa	259.13	4.72	1	0	1	1	1	2	1
04/05/2010	FL	Sarasota	128.69	4.39	0	0	0	0	0	2	3
11/05/2010	FL	Sarasota	281.95	4.39	0	0	1	0	0	2	3
05/18/2010	FL	Sarasota	197.53	4.15	0	0	0	1	0	2	3
05/25/2010	FL	Sarasota	265.48	4.22	0	1	1	1	0	2	3
01/06/2010	FL	Sarasota	230.49	3.96	0	0	0	1	0	2	3
08/06/2010	FL	Sarasota	119.23	4.12	0	1	0	1	1	2	3
06/15/2010	FL	Sarasota	172.05	4.22	0	1	0	1	1	2	3
06/22/2010	FL	Sarasota	189.21	4.6	0	1	0	0	1	2	3
06/29/2010	FL	Sarasota	222.54	4.1	0	0	0	0	1	2	3
06/07/2010	FL	Sarasota	115.9	3.91	0	0	0	0	0	2	3
07/13/2010	FL	Sarasota	177.1	3.99	0	0	0	0	0	2	3
04/05/2010	MW	Sauganash	287.91	4.19	1	0	1	0	0	1	4
11/05/2010	MW	Sauganash	283.36	4.17	1	0	1	1	0	1	4
05/18/2010	MW	Sauganash	240.78	3.54	1	1	0	1	0	1	4
05/25/2010	MW	Sauganash	190.79	3.73	1	0	0	1	0	1	4
01/06/2010	MW	Sauganash	182.68	3.83	1	0	0	1	1	1	4
08/06/2010	MW	Sauganash	295.77	3.93	1	0	1	0	1	1	4
06/15/2010	MW	Sauganash	227.79	3.74	1	0	0	1	1	1	4
06/22/2010	MW	Sauganash	180.26	3.74	1	0	0	1	0	1	4
06/29/2010	MW	Sauganash	171.32	3.64	1	0	0	1	0	1	4
06/07/2010	MW	Sauganash	305.2	3.52	1	0	1	0	1	1	4
07/13/2010	MW	Sauganash	260.91	3.78	1	1	1	1	1	1	4
04/05/2010	MA	Short Pump	202.69	3.9	0	0	0	0	0	1	1
11/05/2010	MA	Short Pump	277.15	3.9	0	1	1	0	0	1	1
05/18/2010	MA	Short Pump	184.94	3.78	0	0	0	1	0	1	1
05/25/2010	MA	Short Pump	269.43	3.62	0	0	1	1	0	1	1
01/06/2010	MA	Short Pump	226.95	3.5	0	1	0	1	0	1	1
08/06/2010	MA	Short Pump	51.73	3.97	0	0	0	1	1	1	1
06/15/2010	MA	Short Pump	215.31	3.75	0	0	0	1	1	1	1
06/22/2010	MA	Short Pump	261.72	3.84	0	1	1	0	1	1	1
06/29/2010	MA	Short Pump	196.77	3.84	0	1	0	1	1	1	1
06/07/2010	MA	Short Pump	141	3.37	0	1	0	1	0	1	1
07/13/2010	MA	Short Pump	201.6	3.66	0	1	0	1	0	1	1
04/05/2010	NC	SoMa	355.86	5.09	1	0	1	0	0	1	4
11/05/2010	NC	SoMa	364.88	5.09	1	0	1	1	0	1	4
05/18/2010	NC	SoMa	247.34	4.43	1	1	0	1	0	1	4
05/25/2010	NC	SoMa	378.14	4.43	1	0	1	1	0	1	4
01/06/2010	NC	SoMa	343.98	4.43	1	0	1	1	1	1	4
08/06/2010	NC	SoMa	169.04	4.89	1	0	0	1	1	1	4
06/15/2010	NC	SoMa	220.89	4.87	1	0	0	1	1	1	4
06/22/2010	NC	SoMa	189.66	4.87	1	1	0	1	1	1	4
06/29/2010	NC	SoMa	173.36	4.87	1	0	0	0	1	1	4
06/07/2010	NC	SoMa	216.33	4.72	1	0	0	0	1	1	4
07/13/2010	NC	SoMa	210.16	4.72	1	0	0	0	0	1	4
04/05/2010	MW	South Loop	194.99	4.17	1	0	0	0	0	1	2
11/05/2010	MW	South Loop	272	4.55	1	0	1	0	0	1	2
05/18/2010	MW	South Loop	287.81	3.63	1	0	1	1	0	1	2
05/25/2010	MW	South Loop	249.91	3.76	1	0	0	1	0	1	2
01/06/2010	MW	South Loop	331.07	3.68	1	0	1	1	0	1	2
08/06/2010	MW	South Loop	294.78	4.1	1	0	1	1	1	1	2
06/15/2010	MW	South Loop	428.26	4.1	1	1	1	1	1	1	2
06/22/2010	MW	South Loop	303.94	4.34	1	0	1	1	1	1	2
06/29/2010	MW	South Loop	422.67	3.39	1	0	1	1	1	1	2
06/07/2010	MW	South Loop	305.53	3.58	1	0	1	1	1	1	2
07/13/2010	MW	South Loop	363.06	2.95	1	1	1	1	1	1	2
04/05/2010	NC	Stevens Creek (aka Cupertino)	321.26	4.59	1	0	1	0	0	2	2
11/05/2010	NC	Stevens Creek (aka Cupertino)	426.24	4.61	1	1	1	1	0	2	2
05/18/2010	NC	Stevens Creek (aka Cupertino)	237.75	4.48	1	0	0	1	0	2	2
05/25/2010	NC	Stevens Creek (aka Cupertino)	297.37	4.48	1	1	1	1	0	2	2
01/06/2010	NC	Stevens Creek (aka Cupertino)	396.95	4.48	1	0	1	1	1	2	2
08/06/2010	NC	Stevens Creek (aka Cupertino)	138.82	4.87	1	0	0	1	1	2	2
06/15/2010	NC	Stevens Creek (aka Cupertino)	707.67	4.15	1	1	1	1	1	2	2
06/22/2010	NC	Stevens Creek (aka Cupertino)	636.79	4.12	1	1	1	1	1	2	2
06/29/2010	NC	Stevens Creek (aka Cupertino)	740.16	4.12	1	1	1	1	1	2	2
06/07/2010	NC	Stevens Creek (aka Cupertino)	734.23	4.73	1	1	1	1	1	2	2
07/13/2010	NC	Stevens Creek (aka Cupertino)	617.71	4.73	1	1	1	1	1	2	2
04/05/2010	RM	Superior	192.15	4.49	1	0	0	0	0	2	4
11/05/2010	RM	Superior	166.44	4.49	1	0	0	0	0	2	4
05/18/2010	RM	Superior	235.78	4.16	1	0	0	0	0	2	4
05/25/2010	RM	Superior	284.68	4.06	1	0	1	0	0	2	4
01/06/2010	RM	Superior	214.08	3.97	1	0	0	1	0	2	4
08/06/2010	RM	Superior	183.77	5.44	1	0	0	1	0	2	4
06/15/2010	RM	Superior	289.29	4.29	1	0	1	1	0	2	4
06/22/2010	RM	Superior	397.15	4.3	1	0	1	1	1	2	4
06/29/2010	RM	Superior	300.05	4.4	1	1	1	1	1	2	4
06/07/2010	RM	Superior	256.18	3.88	1	1	1	1	0	2	4
07/13/2010	RM	Superior	318.58	4.14	1	0	1	1	1	2	4
04/05/2010	RM	Tamarac	281.77	4.06	1	0	1	0	0	2	2
11/05/2010	RM	Tamarac	348.47	3.85	1	1	1	1	0	2	2
05/18/2010	RM	Tamarac	378.72	3.59	1	0	1	1	0	2	2
05/25/2010	RM	Tamarac	360.3	4.64	1	1	1	1	0	2	2
01/06/2010	RM	Tamarac	342.76	4.77	1	0	1	1	1	2	2
08/06/2010	RM	Tamarac	360.59	5.45	1	1	1	1	1	2	2
06/15/2010	RM	Tamarac	283.69	4.48	1	0	1	1	1	2	2
06/22/2010	RM	Tamarac	248.04	4.76	1	0	0	1	1	2	2
06/29/2010	RM	Tamarac	378.97	3.77	1	0	1	1	1	2	2
06/07/2010	RM	Tamarac	270.21	4.95	1	0	1	1	1	2	2
07/13/2010	RM	Tamarac	305.5	4.49	1	0	1	0	1	2	2
04/05/2010	PN	Tanasbourne	242.8	4.57	1	0	0	0	0	1	0
11/05/2010	PN	Tanasbourne	176.14	4.22	1	0	0	0	0	1	0
05/18/2010	PN	Tanasbourne	200.17	4.2	1	0	0	0	0	1	0
05/25/2010	PN	Tanasbourne	214.13	4.08	1	0	0	0	0	1	0
01/06/2010	PN	Tanasbourne	298.77	4.15	1	0	1	0	0	1	0
08/06/2010	PN	Tanasbourne	231.33	4.32	1	1	0	1	0	1	0
06/15/2010	PN	Tanasbourne	220.29	4.17	1	0	0	1	0	1	0
06/22/2010	PN	Tanasbourne	173.38	4.32	1	0	0	1	0	1	0
06/29/2010	PN	Tanasbourne	240.3	4.2	1	1	0	0	1	1	0
06/07/2010	PN	Tanasbourne	194.7	3.3	1	0	0	0	1	1	0
07/13/2010	PN	Tanasbourne	295.8	3.65	1	0	1	0	0	1	0
04/05/2010	SP	Thousand Oaks	333.13	4.88	1	0	1	0	0	4	1
11/05/2010	SP	Thousand Oaks	338.34	4.39	1	0	1	1	0	4	1
05/18/2010	SP	Thousand Oaks	265.8	4.01	1	1	1	1	0	4	1
05/25/2010	SP	Thousand Oaks	306.02	4.22	1	0	1	1	0	4	1
01/06/2010	SP	Thousand Oaks	253.2	4.08	1	0	1	1	1	4	1
08/06/2010	SP	Thousand Oaks	208.39	4.36	1	0	0	1	1	4	1
06/15/2010	SP	Thousand Oaks	273.31	4.52	1	0	1	1	1	4	1
06/22/2010	SP	Thousand Oaks	326.51	4.38	1	1	1	1	1	4	1
06/29/2010	SP	Thousand Oaks	357.98	4.52	1	0	1	1	1	4	1
06/07/2010	SP	Thousand Oaks	364.3	3.74	1	0	1	1	1	4	1
07/13/2010	SP	Thousand Oaks	275.78	3.93	1	0	1	1	1	4	1
04/05/2010	MA	Tysons	185.38	3.75	0	0	0	0	0	1	5
11/05/2010	MA	Tysons	220.86	3.54	0	1	0	0	0	1	5
05/18/2010	MA	Tysons	180.13	3.34	0	1	0	0	0	1	5
05/25/2010	MA	Tysons	221.74	3.34	0	0	0	0	0	1	5
01/06/2010	MA	Tysons	196.87	3.41	0	1	0	0	0	1	5
08/06/2010	MA	Tysons	233.5	3.63	0	1	0	0	0	1	5
06/15/2010	MA	Tysons	312.24	3.75	0	0	1	0	0	1	5
06/22/2010	MA	Tysons	257.85	3.63	0	0	1	1	0	1	5
06/29/2010	MA	Tysons	276.05	4.06	0	1	1	1	0	1	5
06/07/2010	MA	Tysons	330.72	3.13	0	0	1	1	0	1	5
07/13/2010	MA	Tysons	320.61	3.53	0	0	1	1	1	1	5
04/05/2010	NE	Union Square	234.37	4.2	0	0	0	0	0	2	2
11/05/2010	NE	Union Square	240.36	4.18	0	0	0	0	0	2	2
05/18/2010	NE	Union Square	212.83	3.92	0	0	0	0	0	2	2
05/25/2010	NE	Union Square	213.59	3.88	1	0	0	0	0	2	2
01/06/2010	NE	Union Square	202.78	3.46	1	1	0	0	0	2	2
08/06/2010	NE	Union Square	172.89	3.66	1	1	0	0	0	2	2
06/15/2010	NE	Union Square	270.37	3.62	1	0	1	0	0	2	2
06/22/2010	NE	Union Square	280.24	3.96	1	1	1	1	0	2	2
06/29/2010	NE	Union Square	350.55	3.63	1	1	1	1	0	2	2
06/07/2010	NE	Union Square	351.3	3.01	1	0	1	1	0	2	2
07/13/2010	NE	Union Square	313.29	3.14	1	1	1	1	1	2	2
04/05/2010	NP	University	190.01	4.2	0	1	0	0	0	3	2
11/05/2010	NP	University	222.04	4.15	0	0	0	0	0	3	2
05/18/2010	NP	University	157.43	4.07	0	1	0	0	0	3	2
05/25/2010	NP	University	170.98	4	0	0	0	0	0	3	2
01/06/2010	NP	University	167.9	4.07	0	0	0	0	0	3	2
08/06/2010	NP	University	117.63	4.63	0	0	0	0	0	3	2
06/15/2010	NP	University	264	4.2	0	1	1	0	0	3	2
06/22/2010	NP	University	166.38	4.63	0	1	0	1	0	3	2
06/29/2010	NP	University	187.33	4.16	0	1	0	1	0	3	2
06/07/2010	NP	University	300.73	3.78	0	0	1	1	0	3	2
07/13/2010	NP	University	156.65	3.62	0	0	0	1	1	3	2
04/05/2010	SP	Valencia	223.6	4.81	1	0	0	0	0	3	4
11/05/2010	SP	Valencia	317.03	4.81	1	0	1	0	0	3	4
05/18/2010	SP	Valencia	331.33	4.56	1	0	1	1	0	3	4
05/25/2010	SP	Valencia	253.2	4.58	1	0	1	1	0	3	4
01/06/2010	SP	Valencia	281.97	4.58	1	0	1	1	0	3	4
08/06/2010	SP	Valencia	236.21	4.89	1	0	0	1	1	3	4
06/15/2010	SP	Valencia	209.26	4.71	1	0	0	1	1	3	4
06/22/2010	SP	Valencia	258.26	4.88	1	0	1	1	1	3	4
06/29/2010	SP	Valencia	288.53	5.08	1	1	1	1	1	3	4
06/07/2010	SP	Valencia	261.4	3.91	1	1	1	1	1	3	4
07/13/2010	SP	Valencia	312.33	4.14	1	1	1	1	0	3	4
04/05/2010	SW	Veterans	81.35	4.39	0	0	0	0	0	1	1
11/05/2010	SW	Veterans	292.96	4.39	0	1	1	0	0	1	1
05/18/2010	SW	Veterans	113.46	3.84	0	0	0	1	0	1	1
05/25/2010	SW	Veterans	200.76	3.84	0	1	0	1	0	1	1
01/06/2010	SW	Veterans	254.36	3.84	0	0	1	1	0	1	1
08/06/2010	SW	Veterans	201.03	4.39	0	1	0	1	1	1	1
06/15/2010	SW	Veterans	192.69	4.39	0	1	0	1	1	1	1
06/22/2010	SW	Veterans	173.72	4.39	0	0	0	1	0	1	1
06/29/2010	SW	Veterans	278.58	4.39	0	1	1	0	1	1	1
06/07/2010	SW	Veterans	122.23	4.19	0	1	0	1	1	1	1
07/13/2010	SW	Veterans	166.89	4.19	0	1	0	1	0	1	1
04/05/2010	MA	Vienna	204.41	3.57	0	1	0	0	0	2	4
11/05/2010	MA	Vienna	177.7	3.54	0	0	0	0	0	2	4
05/18/2010	MA	Vienna	98.1	3.34	0	0	0	0	0	2	4
05/25/2010	MA	Vienna	177.76	3.41	0	0	0	0	0	2	4
01/06/2010	MA	Vienna	213.9	3.34	0	0	0	0	0	2	4
08/06/2010	MA	Vienna	193.92	3.63	0	0	0	0	0	2	4
06/15/2010	MA	Vienna	201.35	3.48	0	1	0	0	0	2	4
06/22/2010	MA	Vienna	195.15	3.54	0	1	0	0	0	2	4
06/29/2010	MA	Vienna	177.59	3.54	0	0	0	0	0	2	4
06/07/2010	MA	Vienna	173.67	3.13	0	0	0	0	0	2	4
07/13/2010	MA	Vienna	158.12	3.41	0	0	0	0	0	2	4
04/05/2010	NC	Walnut Creek	161.06	4.62	1	1	0	0	0	3	0
11/05/2010	NC	Walnut Creek	227.28	4.68	1	0	0	0	0	3	0
05/18/2010	NC	Walnut Creek	269.71	4.48	1	1	1	0	0	3	0
05/25/2010	NC	Walnut Creek	311.64	4.48	1	0	1	1	0	3	0
01/06/2010	NC	Walnut Creek	211.91	4.29	1	1	0	1	0	3	0
08/06/2010	NC	Walnut Creek	252.79	4.91	1	0	1	1	0	3	0
06/15/2010	NC	Walnut Creek	709.09	4.86	1	1	1	1	1	3	0
06/22/2010	NC	Walnut Creek	736.3	4.29	1	1	1	1	1	3	0
06/29/2010	NC	Walnut Creek	663.24	4.85	1	1	1	1	1	3	0
06/07/2010	NC	Walnut Creek	739	4.5	1	1	1	1	1	3	0
07/13/2010	NC	Walnut Creek	681.15	4.55	1	1	1	1	1	3	0
04/05/2010	MW	West Bloomfield	232.26	4.17	1	0	0	0	0	2	4
11/05/2010	MW	West Bloomfield	221.15	4.17	1	1	0	0	0	2	4
05/18/2010	MW	West Bloomfield	283.47	4	1	0	1	0	0	2	4
05/25/2010	MW	West Bloomfield	238.08	3.83	1	0	0	1	0	2	4
01/06/2010	MW	West Bloomfield	252.73	4	1	0	1	1	0	2	4
08/06/2010	MW	West Bloomfield	299.9	4.55	1	0	1	1	0	2	4
06/15/2010	MW	West Bloomfield	289.22	4.55	1	0	1	1	1	2	4
06/22/2010	MW	West Bloomfield	400.74	4.55	1	0	1	1	1	2	4
06/29/2010	MW	West Bloomfield	311.81	3.72	1	0	1	1	1	2	4
06/07/2010	MW	West Bloomfield	338.58	3.57	1	0	1	1	1	2	4
07/13/2010	MW	West Bloomfield	214.46	3.57	1	0	0	1	1	2	4
04/05/2010	NP	West Hartford	176.31	4.72	0	1	0	0	0	3	3
11/05/2010	NP	West Hartford	124.66	4.72	0	0	0	0	0	3	3
05/18/2010	NP	West Hartford	193.14	4.07	0	0	0	0	0	3	3
05/25/2010	NP	West Hartford	207.48	4.16	0	0	0	0	0	3	3
01/06/2010	NP	West Hartford	149.3	4.16	0	1	0	0	0	3	3
08/06/2010	NP	West Hartford	131.21	4.72	0	0	0	0	0	3	3
06/15/2010	NP	West Hartford	252.7	4.72	0	1	1	0	0	3	3
06/22/2010	NP	West Hartford	150.17	4.72	0	0	0	1	0	3	3
06/29/2010	NP	West Hartford	222.39	4.72	0	0	0	1	0	3	3
06/07/2010	NP	West Hartford	128.87	4.35	0	0	0	1	0	3	3
07/13/2010	NP	West Hartford	192.99	3.72	0	1	0	0	1	3	3
04/05/2010	NE	West Orange	206.85	4.73	0	1	0	0	0	3	3
11/05/2010	NE	West Orange	142.74	4.16	0	0	0	0	0	3	3
05/18/2010	NE	West Orange	227.91	3.88	0	0	0	0	0	3	3
05/25/2010	NE	West Orange	223.91	4.15	1	0	0	0	0	3	3
01/06/2010	NE	West Orange	220.87	3.88	1	1	0	0	0	3	3
08/06/2010	NE	West Orange	229.22	4.19	1	1	0	0	0	3	3
06/15/2010	NE	West Orange	224.89	4.16	1	0	0	0	0	3	3
06/22/2010	NE	West Orange	241.57	4.16	1	1	0	0	0	3	3
06/29/2010	NE	West Orange	230.1	4.16	1	1	0	0	0	3	3
06/07/2010	NE	West Orange	308.25	3.75	1	0	1	0	0	3	3
07/13/2010	NE	West Orange	326.65	3.75	1	1	1	1	0	3	3
04/05/2010	SO	West Paces Ferry	123.51	4.37	0	0	0	0	0	2	2
11/05/2010	SO	West Paces Ferry	203.74	4.37	0	0	0	0	0	2	2
05/18/2010	SO	West Paces Ferry	226.21	3.85	0	1	0	0	0	2	2
05/25/2010	SO	West Paces Ferry	196.62	3.85	0	1	0	0	0	2	2
01/06/2010	SO	West Paces Ferry	156.16	3.85	0	0	0	0	0	2	2
08/06/2010	SO	West Paces Ferry	172.83	3.95	0	1	0	0	0	2	2
06/15/2010	SO	West Paces Ferry	195.47	3.95	0	1	0	0	0	2	2
06/22/2010	SO	West Paces Ferry	190.32	4.02	0	1	0	0	0	2	2
06/29/2010	SO	West Paces Ferry	58.14	4.17	0	0	0	0	0	2	2
06/07/2010	SO	West Paces Ferry	201.36	3.83	0	1	0	0	0	2	2
07/13/2010	SO	West Paces Ferry	236.72	3.83	0	0	0	0	0	2	2
04/05/2010	PN	Westlake	273.27	4.22	1	0	1	0	0	2	0
11/05/2010	PN	Westlake	228.23	4.45	1	0	0	1	0	2	0
05/18/2010	PN	Westlake	266.4	4.11	1	1	1	1	0	2	0
05/25/2010	PN	Westlake	288.42	4.08	1	1	1	1	0	2	0
01/06/2010	PN	Westlake	286.64	4.08	1	0	1	1	1	2	0
08/06/2010	PN	Westlake	258.31	4.45	1	0	1	1	1	2	0
06/15/2010	PN	Westlake	200.36	4.2	1	0	0	1	1	2	0
06/22/2010	PN	Westlake	247.31	4.45	1	1	0	1	1	2	0
06/29/2010	PN	Westlake	365.77	3.95	1	0	1	1	1	2	0
06/07/2010	PN	Westlake	314.16	3.64	1	1	1	1	1	2	0
07/13/2010	PN	Westlake	339.19	3.96	1	0	1	1	1	2	0
04/05/2010	MW	Wheaton	268.61	4.61	1	0	1	0	0	3	4
11/05/2010	MW	Wheaton	341.01	4.61	1	0	1	1	0	3	4
05/18/2010	MW	Wheaton	175.19	4.07	1	0	0	1	0	3	4
05/25/2010	MW	Wheaton	219.94	4.07	1	0	0	1	0	3	4
01/06/2010	MW	Wheaton	306.68	3.71	1	0	1	1	1	3	4
08/06/2010	MW	Wheaton	215.11	4.1	1	0	0	1	1	3	4
06/15/2010	MW	Wheaton	196.45	4.39	1	1	0	1	1	3	4
06/22/2010	MW	Wheaton	366.06	4.08	1	0	1	1	0	3	4
06/29/2010	MW	Wheaton	260.08	4.06	1	1	1	1	1	3	4
06/07/2010	MW	Wheaton	345.85	3.63	1	0	1	1	1	3	4
07/13/2010	MW	Wheaton	346.95	3.66	1	0	1	1	0	3	4
04/05/2010	NE	White Plains	120.52	4.16	0	1	0	0	0	2	1
11/05/2010	NE	White Plains	199.32	4.13	0	0	0	0	0	2	1
05/18/2010	NE	White Plains	265.21	3.88	0	0	1	0	0	2	1
05/25/2010	NE	White Plains	292.62	3.88	1	0	1	1	0	2	1
01/06/2010	NE	White Plains	296.43	3.88	1	0	1	1	0	2	1
08/06/2010	NE	White Plains	349.3	4.13	1	1	1	1	0	2	1
06/15/2010	NE	White Plains	284.12	4.16	1	0	1	1	1	2	1
06/22/2010	NE	White Plains	302.03	4.16	1	0	1	1	1	2	1
06/29/2010	NE	White Plains	262.66	4.16	1	1	1	1	1	2	1
06/07/2010	NE	White Plains	377.14	3.83	1	1	1	1	1	2	1
07/13/2010	NE	White Plains	327.87	3.52	1	1	1	1	1	2	1
04/05/2010	MW	Willowbrook	236.52	4.55	1	0	0	0	0	4	3
11/05/2010	MW	Willowbrook	200.76	4.1	1	0	0	0	0	4	3
05/18/2010	MW	Willowbrook	255.7	3.94	1	0	1	0	0	4	3
05/25/2010	MW	Willowbrook	269.47	3.84	1	1	1	1	0	4	3
01/06/2010	MW	Willowbrook	199.05	3.73	1	0	0	1	0	4	3
08/06/2010	MW	Willowbrook	239.13	4.34	1	0	0	1	0	4	3
06/15/2010	MW	Willowbrook	257.54	4.1	1	0	1	1	1	4	3
06/22/2010	MW	Willowbrook	467.47	4.1	1	0	1	1	1	4	3
06/29/2010	MW	Willowbrook	488	4.34	1	0	1	1	1	4	3
06/07/2010	MW	Willowbrook	296.34	3.68	1	0	1	1	0	4	3
07/13/2010	MW	Willowbrook	329.35	3.95	1	0	1	1	1	4	3
04/05/2010	NP	Woburn	228.23	4.2	0	0	0	0	0	4	3
11/05/2010	NP	Woburn	242.1	4.19	0	0	0	0	0	4	3
05/18/2010	NP	Woburn	251.04	3.86	0	1	1	0	0	4	3
05/25/2010	NP	Woburn	189.58	3.86	0	0	0	1	0	4	3
01/06/2010	NP	Woburn	133.33	3.86	0	0	0	1	0	4	3
08/06/2010	NP	Woburn	68.88	4.19	0	0	0	1	0	4	3
06/15/2010	NP	Woburn	261.52	4.2	0	1	1	0	1	4	3
06/22/2010	NP	Woburn	91.5	4.2	0	0	0	1	1	4	3
06/29/2010	NP	Woburn	96.42	4.2	0	0	0	1	0	4	3
06/07/2010	NP	Woburn	177	3.78	0	0	0	1	0	4	3
07/13/2010	NP	Woburn	136.89	3.75	0	1	0	0	1	4	3
04/05/2010	SP	Woodland Hills	246.84	4.73	1	1	0	0	0	2	5
11/05/2010	SP	Woodland Hills	392.4	4.3	1	0	1	0	0	2	5
05/18/2010	SP	Woodland Hills	312.25	3.95	1	1	1	1	0	2	5
05/25/2010	SP	Woodland Hills	171.1	4.09	1	0	0	1	0	2	5
01/06/2010	SP	Woodland Hills	250.18	4.27	1	0	1	1	0	2	5
08/06/2010	SP	Woodland Hills	163.33	4.4	1	1	0	1	1	2	5
06/15/2010	SP	Woodland Hills	332.51	4.77	1	0	1	1	1	2	5
06/22/2010	SP	Woodland Hills	231.78	4.99	1	1	0	1	1	2	5
06/29/2010	SP	Woodland Hills	316.41	5.16	1	0	1	1	1	2	5
06/07/2010	SP	Woodland Hills	261.56	4.95	1	1	1	1	1	2	5
07/13/2010	SP	Woodland Hills	324.38	4.95	1	0	1	1	1	2	5
